"idx","scalebar_px","scalebar_mi","mi_per_px","crop_w_px","crop_h_px","res","fpf","path","source_id"
"108","33.859","1","0.029534245","208","182","37856","30.6","./Particles/Particles_00076.png","SRC_0063"
"109","33.859","1","0.029534245","208","168","34944","64.93","./Particles/Particles_00077.png","SRC_0063"
"110","53.378","1","0.01873431","339","317","107463","85.14","./Particles/Particles_00078.png","SRC_0063"
"111","53.497","1","0.018692637","324","253","81972","47.82","./Particles/Particles_00079.png","SRC_0063"
"459","172.64","10","0.057924004","23","23","529","59.47","./Particles/Particles_00557.png","SRC_0021"
"459","172.64","10","0.057924004","24","25","600","59.47","./Particles/Particles_00558.png","SRC_0021"
"459","172.64","10","0.057924004","21","29","609","59.47","./Particles/Particles_00559.png","SRC_0021"
"459","172.64","10","0.057924004","27","24","648","59.47","./Particles/Particles_00560.png","SRC_0021"
"459","172.64","10","0.057924004","27","29","783","59.47","./Particles/Particles_00561.png","SRC_0021"
"459","172.64","10","0.057924004","29","31","899","59.47","./Particles/Particles_00562.png","SRC_0021"
"459","172.64","10","0.057924004","32","31","992","59.47","./Particles/Particles_00563.png","SRC_0021"
"459","172.64","10","0.057924004","32","34","1088","59.47","./Particles/Particles_00564.png","SRC_0021"
"459","172.64","10","0.057924004","31","36","1116","59.47","./Particles/Particles_00565.png","SRC_0021"
"459","172.64","10","0.057924004","34","35","1190","59.47","./Particles/Particles_00566.png","SRC_0021"
"459","172.64","10","0.057924004","36","34","1224","59.47","./Particles/Particles_00567.png","SRC_0021"
"459","172.64","10","0.057924004","35","35","1225","59.47","./Particles/Particles_00568.png","SRC_0021"
"459","172.64","10","0.057924004","38","37","1406","59.47","./Particles/Particles_00569.png","SRC_0021"
"459","172.64","10","0.057924004","41","39","1599","59.47","./Particles/Particles_00570.png","SRC_0021"
"459","172.64","10","0.057924004","43","45","1935","59.47","./Particles/Particles_00571.png","SRC_0021"
"459","172.64","10","0.057924004","44","45","1980","59.47","./Particles/Particles_00572.png","SRC_0021"
"459","172.64","10","0.057924004","48","42","2016","59.47","./Particles/Particles_00573.png","SRC_0021"
"459","172.64","10","0.057924004","57","52","2964","59.47","./Particles/Particles_00574.png","SRC_0021"
"459","172.64","10","0.057924004","59","51","3009","59.47","./Particles/Particles_00575.png","SRC_0021"
"459","172.64","10","0.057924004","68","55","3740","59.47","./Particles/Particles_00576.png","SRC_0021"
"459","172.64","10","0.057924004","65","62","4030","59.47","./Particles/Particles_00577.png","SRC_0021"
"459","172.64","10","0.057924004","70","63","4410","59.47","./Particles/Particles_00578.png","SRC_0021"
"464","102.556","10","0.097507703","24","26","624","69.5","./Particles/Particles_00579.png","SRC_0022"
"464","102.556","10","0.097507703","32","35","1120","69.5","./Particles/Particles_00580.png","SRC_0022"
"464","102.556","10","0.097507703","45","39","1755","69.5","./Particles/Particles_00581.png","SRC_0022"
"469","242.449","4","0.016498315","63","49","3087","27.86","./Particles/Particles_00582.png","SRC_0023"
"469","242.449","4","0.016498315","66","48","3168","27.86","./Particles/Particles_00583.png","SRC_0023"
"469","242.449","4","0.016498315","77","63","4851","27.86","./Particles/Particles_00584.png","SRC_0023"
"469","242.449","4","0.016498315","81","68","5508","27.86","./Particles/Particles_00585.png","SRC_0023"
"469","242.449","4","0.016498315","101","81","8181","27.86","./Particles/Particles_00586.png","SRC_0023"
"469","242.449","4","0.016498315","101","82","8282","27.86","./Particles/Particles_00587.png","SRC_0023"
"469","242.449","4","0.016498315","101","82","8282","27.86","./Particles/Particles_00588.png","SRC_0023"
"469","242.449","4","0.016498315","121","94","11374","27.86","./Particles/Particles_00589.png","SRC_0023"
"477","191.94","4","0.020839846","45","38","1710","52","./Particles/Particles_00590.png","SRC_0023"
"477","191.94","4","0.020839846","52","40","2080","52","./Particles/Particles_00591.png","SRC_0023"
"477","191.94","4","0.020839846","53","45","2385","52","./Particles/Particles_00592.png","SRC_0023"
"477","191.94","4","0.020839846","56","45","2520","52","./Particles/Particles_00593.png","SRC_0023"
"477","191.94","4","0.020839846","55","54","2970","52","./Particles/Particles_00594.png","SRC_0023"
"477","191.94","4","0.020839846","60","54","3240","52","./Particles/Particles_00595.png","SRC_0023"
"477","191.94","4","0.020839846","76","69","5244","52","./Particles/Particles_00596.png","SRC_0023"
"479","125.625","10","0.07960199","33","31","1023","50.59","./Particles/Particles_00597.png","SRC_0023"
"479","125.625","10","0.07960199","51","39","1989","50.59","./Particles/Particles_00598.png","SRC_0023"
"479","177.034","4","0.02259453","45","48","2160","50.59","./Particles/Particles_00599.png","SRC_0023"
"479","177.034","4","0.02259453","55","41","2255","50.59","./Particles/Particles_00600.png","SRC_0023"
"479","177.034","4","0.02259453","62","52","3224","50.59","./Particles/Particles_00601.png","SRC_0023"
"479","177.034","4","0.02259453","71","47","3337","50.59","./Particles/Particles_00602.png","SRC_0023"
"479","177.034","4","0.02259453","69","66","4554","50.59","./Particles/Particles_00603.png","SRC_0023"
"481","170.077","4","0.023518759","48","36","1728","53.07","./Particles/Particles_00604.png","SRC_0023"
"481","170.077","4","0.023518759","51","43","2193","53.07","./Particles/Particles_00605.png","SRC_0023"
"481","170.077","4","0.023518759","55","46","2530","53.07","./Particles/Particles_00606.png","SRC_0023"
"481","170.077","4","0.023518759","59","43","2537","53.07","./Particles/Particles_00607.png","SRC_0023"
"483","162.38","4","0.024633576","50","44","2200","45.92","./Particles/Particles_00608.png","SRC_0023"
"483","162.38","4","0.024633576","55","44","2420","45.92","./Particles/Particles_00609.png","SRC_0023"
"483","162.38","4","0.024633576","72","62","4464","45.92","./Particles/Particles_00610.png","SRC_0023"
"483","162.38","4","0.024633576","93","61","5673","45.92","./Particles/Particles_00611.png","SRC_0023"
"489","128.573","100","0.777768272","281","401","112681","17.4","./Particles/Particles_00625.png","SRC_0062"
"490","128.965","100","0.775404179","388","423","164124","32.5","./Particles/Particles_00626.png","SRC_0062"
"493","104.723","100","0.95490007","448","381","170688","56.3","./Particles/Particles_00627.png","SRC_0062"
"495","104.908","100","0.953216151","459","399","183141","7.6","./Particles/Particles_00628.png","SRC_0062"
"496","103.001","100","0.970864361","443","390","172770","36.9","./Particles/Particles_00629.png","SRC_0062"
"497","105.706","100","0.946020093","305","341","104005","32.4","./Particles/Particles_00630.png","SRC_0062"
"499","105.242","100","0.950190988","471","322","151662","29.4","./Particles/Particles_00631.png","SRC_0062"
"501","110.005","50","0.454524794","85","59","5015","16.3","./Particles/Particles_00632.png","SRC_0062"
"501","107.869","50","0.463525202","81","72","5832","16.3","./Particles/Particles_00633.png","SRC_0062"
"501","110.005","50","0.454524794","95","80","7600","16.3","./Particles/Particles_00634.png","SRC_0062"
"501","107.869","50","0.463525202","108","71","7668","16.3","./Particles/Particles_00635.png","SRC_0062"
"501","110.005","50","0.454524794","116","105","12180","16.3","./Particles/Particles_00636.png","SRC_0062"
"501","107.869","50","0.463525202","114","114","12996","16.3","./Particles/Particles_00637.png","SRC_0062"
"502","165.304","10","0.060494604","52","46","2392","65.61","./Particles/Particles_00638.png","SRC_0028"
"502","165.304","10","0.060494604","47","51","2397","65.61","./Particles/Particles_00639.png","SRC_0028"
"502","165.304","10","0.060494604","58","43","2494","65.61","./Particles/Particles_00640.png","SRC_0028"
"502","165.304","10","0.060494604","43","59","2537","65.61","./Particles/Particles_00641.png","SRC_0028"
"502","165.304","10","0.060494604","53","50","2650","65.61","./Particles/Particles_00642.png","SRC_0028"
"502","165.304","10","0.060494604","52","51","2652","65.61","./Particles/Particles_00643.png","SRC_0028"
"502","165.304","10","0.060494604","58","49","2842","65.61","./Particles/Particles_00644.png","SRC_0028"
"502","165.304","10","0.060494604","58","55","3190","65.61","./Particles/Particles_00645.png","SRC_0028"
"502","165.304","10","0.060494604","49","66","3234","65.61","./Particles/Particles_00646.png","SRC_0028"
"502","165.304","10","0.060494604","62","56","3472","65.61","./Particles/Particles_00647.png","SRC_0028"
"502","165.304","10","0.060494604","59","59","3481","65.61","./Particles/Particles_00648.png","SRC_0028"
"502","165.304","10","0.060494604","62","62","3844","65.61","./Particles/Particles_00649.png","SRC_0028"
"502","165.304","10","0.060494604","62","78","4836","65.61","./Particles/Particles_00650.png","SRC_0028"
"502","165.304","10","0.060494604","83","65","5395","65.61","./Particles/Particles_00651.png","SRC_0028"
"502","165.304","10","0.060494604","67","84","5628","65.61","./Particles/Particles_00652.png","SRC_0028"
"502","165.304","10","0.060494604","74","77","5698","65.61","./Particles/Particles_00653.png","SRC_0028"
"503","181.537","4","0.022034076","56","46","2576","54.17","./Particles/Particles_00654.png","SRC_0068"
"503","181.537","4","0.022034076","75","72","5400","54.17","./Particles/Particles_00655.png","SRC_0068"
"503","181.537","4","0.022034076","71","83","5893","54.17","./Particles/Particles_00656.png","SRC_0068"
"503","181.537","4","0.022034076","92","87","8004","54.17","./Particles/Particles_00657.png","SRC_0068"
"503","181.537","4","0.022034076","94","90","8460","54.17","./Particles/Particles_00658.png","SRC_0068"
"503","181.537","4","0.022034076","89","108","9612","54.17","./Particles/Particles_00659.png","SRC_0068"
"503","181.537","4","0.022034076","103","94","9682","54.17","./Particles/Particles_00660.png","SRC_0068"
"503","181.537","4","0.022034076","97","109","10573","54.17","./Particles/Particles_00661.png","SRC_0068"
"503","181.537","4","0.022034076","112","96","10752","54.17","./Particles/Particles_00662.png","SRC_0068"
"503","181.537","4","0.022034076","126","123","15498","54.17","./Particles/Particles_00663.png","SRC_0068"
"504","178.682","4","0.022386139","64","57","3648","43.39","./Particles/Particles_00664.png","SRC_0068"
"504","178.682","4","0.022386139","64","62","3968","43.39","./Particles/Particles_00665.png","SRC_0068"
"504","178.682","4","0.022386139","72","73","5256","43.39","./Particles/Particles_00666.png","SRC_0068"
"504","178.682","4","0.022386139","71","76","5396","43.39","./Particles/Particles_00667.png","SRC_0068"
"504","178.682","4","0.022386139","86","79","6794","43.39","./Particles/Particles_00668.png","SRC_0068"
"504","178.682","4","0.022386139","93","90","8370","43.39","./Particles/Particles_00669.png","SRC_0068"
"504","178.682","4","0.022386139","89","102","9078","43.39","./Particles/Particles_00670.png","SRC_0068"
"504","178.682","4","0.022386139","102","96","9792","43.39","./Particles/Particles_00671.png","SRC_0068"
"504","178.682","4","0.022386139","98","103","10094","43.39","./Particles/Particles_00672.png","SRC_0068"
"504","178.682","4","0.022386139","118","117","13806","43.39","./Particles/Particles_00673.png","SRC_0068"
"504","178.682","4","0.022386139","125","113","14125","43.39","./Particles/Particles_00674.png","SRC_0068"
"504","178.682","4","0.022386139","126","126","15876","43.39","./Particles/Particles_00675.png","SRC_0068"
"505","179.74","4","0.022254367","73","76","5548","39.42","./Particles/Particles_00676.png","SRC_0068"
"505","179.74","4","0.022254367","80","76","6080","39.42","./Particles/Particles_00677.png","SRC_0068"
"505","179.74","4","0.022254367","107","93","9951","39.42","./Particles/Particles_00678.png","SRC_0068"
"505","179.74","4","0.022254367","118","127","14986","39.42","./Particles/Particles_00679.png","SRC_0068"
"505","179.74","4","0.022254367","124","128","15872","39.42","./Particles/Particles_00680.png","SRC_0068"
"533","59.274","5","0.084354017","47","36","1692","11","./Particles/Particles_00716.png","SRC_0066"
"533","59.274","5","0.084354017","51","36","1836","11","./Particles/Particles_00717.png","SRC_0066"
"533","59.274","5","0.084354017","47","45","2115","11","./Particles/Particles_00718.png","SRC_0066"
"533","59.274","5","0.084354017","54","46","2484","11","./Particles/Particles_00719.png","SRC_0066"
"533","59.274","5","0.084354017","53","48","2544","11","./Particles/Particles_00720.png","SRC_0066"
"533","59.274","5","0.084354017","58","48","2784","11","./Particles/Particles_00721.png","SRC_0066"
"533","59.274","5","0.084354017","55","53","2915","11","./Particles/Particles_00722.png","SRC_0066"
"533","59.274","5","0.084354017","55","56","3080","11","./Particles/Particles_00723.png","SRC_0066"
"533","59.274","5","0.084354017","51","61","3111","11","./Particles/Particles_00724.png","SRC_0066"
"533","59.274","5","0.084354017","58","57","3306","11","./Particles/Particles_00725.png","SRC_0066"
"533","59.274","5","0.084354017","56","61","3416","11","./Particles/Particles_00726.png","SRC_0066"
"533","59.274","5","0.084354017","62","56","3472","11","./Particles/Particles_00727.png","SRC_0066"
"533","59.274","5","0.084354017","57","61","3477","11","./Particles/Particles_00728.png","SRC_0066"
"533","59.274","5","0.084354017","56","64","3584","11","./Particles/Particles_00729.png","SRC_0066"
"533","59.274","5","0.084354017","64","58","3712","11","./Particles/Particles_00730.png","SRC_0066"
"533","59.274","5","0.084354017","68","56","3808","11","./Particles/Particles_00731.png","SRC_0066"
"533","59.274","5","0.084354017","65","60","3900","11","./Particles/Particles_00732.png","SRC_0066"
"533","59.274","5","0.084354017","67","59","3953","11","./Particles/Particles_00733.png","SRC_0066"
"533","59.274","5","0.084354017","74","61","4514","11","./Particles/Particles_00734.png","SRC_0066"
"533","59.274","5","0.084354017","75","62","4650","11","./Particles/Particles_00735.png","SRC_0066"
"533","59.274","5","0.084354017","81","60","4860","11","./Particles/Particles_00736.png","SRC_0066"
"534","61.336","5","0.081518195","59","52","3068","5.6","./Particles/Particles_00737.png","SRC_0066"
"534","61.336","5","0.081518195","58","54","3132","5.6","./Particles/Particles_00738.png","SRC_0066"
"534","61.336","5","0.081518195","61","58","3538","5.6","./Particles/Particles_00739.png","SRC_0066"
"534","61.336","5","0.081518195","66","58","3828","5.6","./Particles/Particles_00740.png","SRC_0066"
"534","61.336","5","0.081518195","68","61","4148","5.6","./Particles/Particles_00741.png","SRC_0066"
"534","61.336","5","0.081518195","67","63","4221","5.6","./Particles/Particles_00742.png","SRC_0066"
"548","221.065","100","0.452355642","402","393","157986","5.56","./Particles/Particles_00743.png","SRC_0033"
"554","50.306","10","0.198783445","70","57","3990","19.75","./Particles/Particles_00744.png","SRC_0064"
"554","50.306","10","0.198783445","60","67","4020","19.75","./Particles/Particles_00745.png","SRC_0064"
"554","50.306","10","0.198783445","70","67","4690","19.75","./Particles/Particles_00746.png","SRC_0064"
"554","50.306","10","0.198783445","74","70","5180","19.75","./Particles/Particles_00747.png","SRC_0064"
"554","50.306","10","0.198783445","67","83","5561","19.75","./Particles/Particles_00748.png","SRC_0064"
"554","50.306","10","0.198783445","84","72","6048","19.75","./Particles/Particles_00749.png","SRC_0064"
"554","50.306","10","0.198783445","84","79","6636","19.75","./Particles/Particles_00750.png","SRC_0064"
"554","50.306","10","0.198783445","90","78","7020","19.75","./Particles/Particles_00751.png","SRC_0064"
"554","50.306","10","0.198783445","76","93","7068","19.75","./Particles/Particles_00752.png","SRC_0064"
"554","50.306","10","0.198783445","89","82","7298","19.75","./Particles/Particles_00753.png","SRC_0064"
"554","50.306","10","0.198783445","97","90","8730","19.75","./Particles/Particles_00754.png","SRC_0064"
"554","252.987","10","0.039527723","366","351","128466","19.75","./Particles/Particles_00755.png","SRC_0064"
"556","39.221","40","1.019861809","45","43","1935","20.85","./Particles/Particles_00756.png","SRC_0034"
"556","39.221","40","1.019861809","91","65","5915","20.85","./Particles/Particles_00757.png","SRC_0034"
"556","39.221","40","1.019861809","66","90","5940","20.85","./Particles/Particles_00758.png","SRC_0034"
"556","39.221","40","1.019861809","80","81","6480","20.85","./Particles/Particles_00759.png","SRC_0034"
"556","39.221","40","1.019861809","76","93","7068","20.85","./Particles/Particles_00760.png","SRC_0034"
"556","39.221","40","1.019861809","95","77","7315","20.85","./Particles/Particles_00761.png","SRC_0034"
"556","39.221","40","1.019861809","115","110","12650","20.85","./Particles/Particles_00762.png","SRC_0034"
"557","36.545","40","1.094540977","37","37","1369","49.4","./Particles/Particles_00763.png","SRC_0034"
"557","36.545","40","1.094540977","44","37","1628","49.4","./Particles/Particles_00764.png","SRC_0034"
"557","36.545","40","1.094540977","45","49","2205","49.4","./Particles/Particles_00765.png","SRC_0034"
"557","36.545","40","1.094540977","56","43","2408","49.4","./Particles/Particles_00766.png","SRC_0034"
"557","36.545","40","1.094540977","47","56","2632","49.4","./Particles/Particles_00767.png","SRC_0034"
"557","36.545","40","1.094540977","45","64","2880","49.4","./Particles/Particles_00768.png","SRC_0034"
"557","36.545","40","1.094540977","51","57","2907","49.4","./Particles/Particles_00769.png","SRC_0034"
"557","36.545","40","1.094540977","55","60","3300","49.4","./Particles/Particles_00770.png","SRC_0034"
"557","36.545","40","1.094540977","68","61","4148","49.4","./Particles/Particles_00771.png","SRC_0034"
"557","36.545","40","1.094540977","101","75","7575","49.4","./Particles/Particles_00772.png","SRC_0034"
"557","36.545","40","1.094540977","90","112","10080","49.4","./Particles/Particles_00773.png","SRC_0034"
"558","57.565","40","0.694866672","64","63","4032","51.74","./Particles/Particles_00774.png","SRC_0034"
"558","57.565","40","0.694866672","94","63","5922","51.74","./Particles/Particles_00775.png","SRC_0034"
"558","57.565","40","0.694866672","94","86","8084","51.74","./Particles/Particles_00776.png","SRC_0034"
"558","57.565","40","0.694866672","135","91","12285","51.74","./Particles/Particles_00777.png","SRC_0034"
"558","57.565","40","0.694866672","132","118","15576","51.74","./Particles/Particles_00778.png","SRC_0034"
"559","52.331","40","0.76436529","73","73","5329","65.02","./Particles/Particles_00779.png","SRC_0034"
"559","52.331","40","0.76436529","93","87","8091","65.02","./Particles/Particles_00780.png","SRC_0034"
"559","52.331","40","0.76436529","83","119","9877","65.02","./Particles/Particles_00781.png","SRC_0034"
"559","52.331","40","0.76436529","89","120","10680","65.02","./Particles/Particles_00782.png","SRC_0034"
"559","52.331","40","0.76436529","203","117","23751","65.02","./Particles/Particles_00783.png","SRC_0034"
"575","184.6","2","0.010834236","58","57","3306","94.4","./Particles/Particles_00791.png","SRC_0036"
"575","184.6","2","0.010834236","80","66","5280","94.4","./Particles/Particles_00792.png","SRC_0036"
"575","184.6","2","0.010834236","92","74","6808","94.4","./Particles/Particles_00793.png","SRC_0036"
"575","184.6","2","0.010834236","90","93","8370","94.4","./Particles/Particles_00794.png","SRC_0036"
"575","230.237","5","0.021716753","102","86","8772","94.4","./Particles/Particles_00795.png","SRC_0036"
"575","184.6","2","0.010834236","93","95","8835","94.4","./Particles/Particles_00796.png","SRC_0036"
"575","230.237","5","0.021716753","101","97","9797","94.4","./Particles/Particles_00797.png","SRC_0036"
"575","230.237","5","0.021716753","124","83","10292","94.4","./Particles/Particles_00798.png","SRC_0036"
"575","184.6","2","0.010834236","125","110","13750","94.4","./Particles/Particles_00799.png","SRC_0036"
"575","230.237","5","0.021716753","132","120","15840","94.4","./Particles/Particles_00800.png","SRC_0036"
"575","184.6","2","0.010834236","154","123","18942","94.4","./Particles/Particles_00801.png","SRC_0036"
"577","230.75","5","0.021668472","70","50","3500","92.9","./Particles/Particles_00802.png","SRC_0036"
"577","230.75","5","0.021668472","72","64","4608","92.9","./Particles/Particles_00803.png","SRC_0036"
"577","185.632","2","0.010774004","84","93","7812","92.9","./Particles/Particles_00804.png","SRC_0036"
"577","230.75","5","0.021668472","119","96","11424","92.9","./Particles/Particles_00805.png","SRC_0036"
"577","185.632","2","0.010774004","119","103","12257","92.9","./Particles/Particles_00806.png","SRC_0036"
"577","230.75","5","0.021668472","135","108","14580","92.9","./Particles/Particles_00807.png","SRC_0036"
"577","185.632","2","0.010774004","258","186","47988","92.9","./Particles/Particles_00808.png","SRC_0036"
"579","183.603","2","0.010893068","57","56","3192","93.85","./Particles/Particles_00809.png","SRC_0036"
"579","183.603","2","0.010893068","68","65","4420","93.85","./Particles/Particles_00810.png","SRC_0036"
"579","183.603","2","0.010893068","68","66","4488","93.85","./Particles/Particles_00811.png","SRC_0036"
"579","183.603","2","0.010893068","85","71","6035","93.85","./Particles/Particles_00812.png","SRC_0036"
"579","183.603","2","0.010893068","85","75","6375","93.85","./Particles/Particles_00813.png","SRC_0036"
"582","80.838","20","0.247408397","599","423","253377","15.9","./Particles/Particles_00814.png","SRC_0037"
"583","146.071","50","0.342299293","301","311","93611","16.2","./Particles/Particles_00815.png","SRC_0037"
"583","146.071","50","0.342299293","455","374","170170","16.2","./Particles/Particles_00816.png","SRC_0037"
"585","111.373","50","0.448941844","603","459","276777","27.8","./Particles/Particles_00817.png","SRC_0037"
"586","159.388","20","0.125479961","208","174","36192","6.1","./Particles/Particles_00818.png","SRC_0037"
"586","159.388","20","0.125479961","497","386","191842","6.1","./Particles/Particles_00819.png","SRC_0037"
"588","178.489","50","0.280129308","489","507","247923","28.8","./Particles/Particles_00820.png","SRC_0037"
"589","196.223","100","0.509624254","423","245","103635","28.8","./Particles/Particles_00821.png","SRC_0037"
"589","196.223","100","0.509624254","347","329","114163","28.8","./Particles/Particles_00822.png","SRC_0037"
"590","170.524","100","0.586427717","358","292","104536","19","./Particles/Particles_00823.png","SRC_0037"
"592","106.264","200","1.882104946","94","94","8836","6.8","./Particles/Particles_00824.png","SRC_0037"
"592","106.264","200","1.882104946","112","85","9520","6.8","./Particles/Particles_00825.png","SRC_0037"
"592","106.264","200","1.882104946","154","97","14938","6.8","./Particles/Particles_00826.png","SRC_0037"
"592","106.264","200","1.882104946","123","146","17958","6.8","./Particles/Particles_00827.png","SRC_0037"
"592","106.264","200","1.882104946","156","144","22464","6.8","./Particles/Particles_00828.png","SRC_0037"
"592","106.264","200","1.882104946","216","166","35856","6.8","./Particles/Particles_00829.png","SRC_0037"
"592","106.264","200","1.882104946","211","199","41989","6.8","./Particles/Particles_00830.png","SRC_0037"
"592","106.264","200","1.882104946","249","210","52290","6.8","./Particles/Particles_00831.png","SRC_0037"
"593","195.959","100","0.51031083","308","315","97020","17.1","./Particles/Particles_00832.png","SRC_0037"
"593","195.959","100","0.51031083","351","410","143910","17.1","./Particles/Particles_00833.png","SRC_0037"
"595","27.071","2","0.073879798","45","52","2340","65.4","./Particles/Particles_00834.png","SRC_0038"
"595","27.071","2","0.073879798","73","65","4745","65.4","./Particles/Particles_00835.png","SRC_0038"
"595","27.071","2","0.073879798","75","64","4800","65.4","./Particles/Particles_00836.png","SRC_0038"
"595","27.071","2","0.073879798","87","82","7134","65.4","./Particles/Particles_00837.png","SRC_0038"
"595","27.071","2","0.073879798","102","94","9588","65.4","./Particles/Particles_00838.png","SRC_0038"
"596","32.889","2","0.060810605","42","45","1890","75.8","./Particles/Particles_00839.png","SRC_0038"
"596","32.889","2","0.060810605","51","58","2958","75.8","./Particles/Particles_00840.png","SRC_0038"
"596","32.889","2","0.060810605","137","119","16303","75.8","./Particles/Particles_00841.png","SRC_0038"
"598","30.655","2","0.065242212","48","39","1872","74.5","./Particles/Particles_00842.png","SRC_0038"
"598","30.655","2","0.065242212","47","44","2068","74.5","./Particles/Particles_00843.png","SRC_0038"
"598","30.655","2","0.065242212","61","63","3843","74.5","./Particles/Particles_00844.png","SRC_0038"
"598","30.655","2","0.065242212","69","70","4830","74.5","./Particles/Particles_00845.png","SRC_0038"
"598","30.655","2","0.065242212","77","72","5544","74.5","./Particles/Particles_00846.png","SRC_0038"
"598","30.655","2","0.065242212","83","74","6142","74.5","./Particles/Particles_00847.png","SRC_0038"
"598","30.655","2","0.065242212","80","77","6160","74.5","./Particles/Particles_00848.png","SRC_0038"
"598","30.655","2","0.065242212","83","81","6723","74.5","./Particles/Particles_00849.png","SRC_0038"
"598","30.655","2","0.065242212","101","101","10201","74.5","./Particles/Particles_00850.png","SRC_0038"
"598","30.655","2","0.065242212","104","106","11024","74.5","./Particles/Particles_00851.png","SRC_0038"
"598","30.655","2","0.065242212","122","118","14396","74.5","./Particles/Particles_00852.png","SRC_0038"
"599","29.546","2","0.067691058","42","39","1638","73.2","./Particles/Particles_00853.png","SRC_0038"
"599","29.546","2","0.067691058","43","50","2150","73.2","./Particles/Particles_00854.png","SRC_0038"
"599","29.546","2","0.067691058","45","48","2160","73.2","./Particles/Particles_00855.png","SRC_0038"
"599","29.546","2","0.067691058","70","68","4760","73.2","./Particles/Particles_00856.png","SRC_0038"
"599","29.546","2","0.067691058","87","90","7830","73.2","./Particles/Particles_00857.png","SRC_0038"
"599","29.546","2","0.067691058","89","89","7921","73.2","./Particles/Particles_00858.png","SRC_0038"
"599","29.546","2","0.067691058","142","130","18460","73.2","./Particles/Particles_00859.png","SRC_0038"
"600","29.013","2","0.068934616","36","27","972","75.8","./Particles/Particles_00860.png","SRC_0038"
"600","29.013","2","0.068934616","46","45","2070","75.8","./Particles/Particles_00861.png","SRC_0038"
"600","29.013","2","0.068934616","50","47","2350","75.8","./Particles/Particles_00862.png","SRC_0038"
"600","29.013","2","0.068934616","65","58","3770","75.8","./Particles/Particles_00863.png","SRC_0038"
"600","29.013","2","0.068934616","63","60","3780","75.8","./Particles/Particles_00864.png","SRC_0038"
"600","29.013","2","0.068934616","77","72","5544","75.8","./Particles/Particles_00865.png","SRC_0038"
"614","67.678","5","0.073879252","96","84","8064","52.87","./Particles/Particles_00876.png","SRC_0039"
"614","67.678","5","0.073879252","141","134","18894","52.87","./Particles/Particles_00877.png","SRC_0039"
"614","67.678","5","0.073879252","159","139","22101","52.87","./Particles/Particles_00878.png","SRC_0039"
"614","67.678","5","0.073879252","155","163","25265","52.87","./Particles/Particles_00879.png","SRC_0039"
"617","79.792","5","0.062662924","58","41","2378","21.1","./Particles/Particles_00880.png","SRC_0039"
"617","79.792","5","0.062662924","78","78","6084","21.1","./Particles/Particles_00881.png","SRC_0039"
"617","79.792","5","0.062662924","104","98","10192","21.1","./Particles/Particles_00882.png","SRC_0039"
"617","79.792","5","0.062662924","143","136","19448","21.1","./Particles/Particles_00883.png","SRC_0039"
"618","104.707","1","0.00955046","325","239","77675","30","./Particles/Particles_00884.png","SRC_0039"
"619","69.677","1","0.014351938","68","54","3672","68.83","./Particles/Particles_00885.png","SRC_0039"
"619","69.677","1","0.014351938","66","63","4158","68.83","./Particles/Particles_00886.png","SRC_0039"
"619","69.677","1","0.014351938","69","73","5037","68.83","./Particles/Particles_00887.png","SRC_0039"
"619","69.677","1","0.014351938","69","74","5106","68.83","./Particles/Particles_00888.png","SRC_0039"
"619","69.677","1","0.014351938","98","83","8134","68.83","./Particles/Particles_00889.png","SRC_0039"
"620","73.507","1","0.013604147","40","33","1320","64.48","./Particles/Particles_00890.png","SRC_0039"
"620","73.507","1","0.013604147","54","44","2376","64.48","./Particles/Particles_00891.png","SRC_0039"
"620","73.507","1","0.013604147","53","47","2491","64.48","./Particles/Particles_00892.png","SRC_0039"
"620","73.507","1","0.013604147","62","49","3038","64.48","./Particles/Particles_00893.png","SRC_0039"
"620","73.507","1","0.013604147","85","80","6800","64.48","./Particles/Particles_00894.png","SRC_0039"
"621","76.03","1","0.013152703","49","49","2401","87.21","./Particles/Particles_00895.png","SRC_0039"
"621","76.03","1","0.013152703","56","55","3080","87.21","./Particles/Particles_00896.png","SRC_0039"
"621","76.03","1","0.013152703","82","68","5576","87.21","./Particles/Particles_00897.png","SRC_0039"
"621","76.03","1","0.013152703","70","80","5600","87.21","./Particles/Particles_00898.png","SRC_0039"
"622","56.736","2","0.035250987","66","59","3894","29","./Particles/Particles_00899.png","SRC_0039"
"622","56.736","2","0.035250987","68","61","4148","29","./Particles/Particles_00900.png","SRC_0039"
"622","56.736","2","0.035250987","99","84","8316","29","./Particles/Particles_00901.png","SRC_0039"
"622","56.736","2","0.035250987","116","105","12180","29","./Particles/Particles_00902.png","SRC_0039"
"623","40.647","2","0.049204123","94","91","8554","16.7","./Particles/Particles_00903.png","SRC_0039"
"623","40.647","2","0.049204123","207","207","42849","16.7","./Particles/Particles_00904.png","SRC_0039"
"624","99.71","2","0.020058169","95","83","7885","23.4","./Particles/Particles_00905.png","SRC_0039"
"624","99.71","2","0.020058169","92","90","8280","23.4","./Particles/Particles_00906.png","SRC_0039"
"624","99.71","2","0.020058169","97","88","8536","23.4","./Particles/Particles_00907.png","SRC_0039"
"624","99.71","2","0.020058169","130","133","17290","23.4","./Particles/Particles_00908.png","SRC_0039"
"625","82.205","0.5","0.006082355","63","76","4788","36.96","./Particles/Particles_00909.png","SRC_0039"
"625","82.205","0.5","0.006082355","74","73","5402","36.96","./Particles/Particles_00910.png","SRC_0039"
"625","82.205","0.5","0.006082355","68","82","5576","36.96","./Particles/Particles_00911.png","SRC_0039"
"627","166.123","5","0.03009818","78","57","4446","64.94","./Particles/Particles_00912.png","SRC_0039"
"627","166.123","5","0.03009818","73","69","5037","64.94","./Particles/Particles_00913.png","SRC_0039"
"628","87.742","5","0.056985252","44","43","1892","38.05","./Particles/Particles_00914.png","SRC_0039"
"628","87.742","5","0.056985252","51","48","2448","38.05","./Particles/Particles_00915.png","SRC_0039"
"628","87.742","5","0.056985252","55","47","2585","38.05","./Particles/Particles_00916.png","SRC_0039"
"628","87.742","5","0.056985252","55","75","4125","38.05","./Particles/Particles_00917.png","SRC_0039"
"628","87.742","5","0.056985252","70","69","4830","38.05","./Particles/Particles_00918.png","SRC_0039"
"628","87.742","5","0.056985252","78","69","5382","38.05","./Particles/Particles_00919.png","SRC_0039"
"629","16.757","1","0.059676553","43","37","1591","32.8","./Particles/Particles_00920.png","SRC_0039"
"629","16.757","1","0.059676553","48","44","2112","32.8","./Particles/Particles_00921.png","SRC_0039"
"629","16.757","1","0.059676553","47","48","2256","32.8","./Particles/Particles_00922.png","SRC_0039"
"629","16.757","1","0.059676553","50","46","2300","32.8","./Particles/Particles_00923.png","SRC_0039"
"629","16.757","1","0.059676553","48","48","2304","32.8","./Particles/Particles_00924.png","SRC_0039"
"629","16.757","1","0.059676553","50","47","2350","32.8","./Particles/Particles_00925.png","SRC_0039"
"629","16.757","1","0.059676553","53","48","2544","32.8","./Particles/Particles_00926.png","SRC_0039"
"629","16.757","1","0.059676553","55","49","2695","32.8","./Particles/Particles_00927.png","SRC_0039"
"629","16.757","1","0.059676553","59","55","3245","32.8","./Particles/Particles_00928.png","SRC_0039"
"629","16.757","1","0.059676553","57","61","3477","32.8","./Particles/Particles_00929.png","SRC_0039"
"629","16.757","1","0.059676553","57","61","3477","32.8","./Particles/Particles_00930.png","SRC_0039"
"629","16.757","1","0.059676553","66","64","4224","32.8","./Particles/Particles_00931.png","SRC_0039"
"629","16.757","1","0.059676553","70","62","4340","32.8","./Particles/Particles_00932.png","SRC_0039"
"629","16.757","1","0.059676553","74","71","5254","32.8","./Particles/Particles_00933.png","SRC_0039"
"629","16.757","1","0.059676553","73","78","5694","32.8","./Particles/Particles_00934.png","SRC_0039"
"629","16.757","1","0.059676553","90","75","6750","32.8","./Particles/Particles_00935.png","SRC_0039"
"629","16.757","1","0.059676553","101","78","7878","32.8","./Particles/Particles_00936.png","SRC_0039"
"631","86.358","5","0.057898515","32","34","1088","38.05","./Particles/Particles_00937.png","SRC_0039"
"631","86.358","5","0.057898515","35","49","1715","38.05","./Particles/Particles_00938.png","SRC_0039"
"631","86.358","5","0.057898515","44","40","1760","38.05","./Particles/Particles_00939.png","SRC_0039"
"631","86.358","5","0.057898515","40","49","1960","38.05","./Particles/Particles_00940.png","SRC_0039"
"631","86.358","5","0.057898515","47","46","2162","38.05","./Particles/Particles_00941.png","SRC_0039"
"631","86.358","5","0.057898515","51","46","2346","38.05","./Particles/Particles_00942.png","SRC_0039"
"631","86.358","5","0.057898515","54","53","2862","38.05","./Particles/Particles_00943.png","SRC_0039"
"631","86.358","5","0.057898515","66","61","4026","38.05","./Particles/Particles_00944.png","SRC_0039"
"631","86.358","5","0.057898515","83","58","4814","38.05","./Particles/Particles_00945.png","SRC_0039"
"631","86.358","5","0.057898515","95","97","9215","38.05","./Particles/Particles_00946.png","SRC_0039"
"633","521.156","5","0.009594056","184","159","29256","45","./Particles/Particles_00947.png","SRC_0039"
"633","521.156","5","0.009594056","176","191","33616","45","./Particles/Particles_00948.png","SRC_0039"
"633","521.156","5","0.009594056","250","248","62000","45","./Particles/Particles_00949.png","SRC_0039"
"633","521.156","5","0.009594056","294","290","85260","45","./Particles/Particles_00950.png","SRC_0039"
"634","150.214","20","0.133143382","84","49","4116","25","./Particles/Particles_00951.png","SRC_0040"
"634","150.214","20","0.133143382","125","85","10625","25","./Particles/Particles_00952.png","SRC_0040"
"634","150.214","20","0.133143382","126","95","11970","25","./Particles/Particles_00953.png","SRC_0040"
"641","426.248","20","0.046921041","73","65","4745","21.9","./Particles/Particles_00957.png","SRC_0041"
"641","426.248","20","0.046921041","72","67","4824","21.9","./Particles/Particles_00958.png","SRC_0041"
"641","426.248","20","0.046921041","73","67","4891","21.9","./Particles/Particles_00959.png","SRC_0041"
"641","426.248","20","0.046921041","89","84","7476","21.9","./Particles/Particles_00960.png","SRC_0041"
"641","426.248","20","0.046921041","141","137","19317","21.9","./Particles/Particles_00961.png","SRC_0041"
"642","428.293","20","0.046697004","69","51","3519","14.4","./Particles/Particles_00962.png","SRC_0041"
"642","428.293","20","0.046697004","61","59","3599","14.4","./Particles/Particles_00963.png","SRC_0041"
"642","428.293","20","0.046697004","68","70","4760","14.4","./Particles/Particles_00964.png","SRC_0041"
"642","428.293","20","0.046697004","84","64","5376","14.4","./Particles/Particles_00965.png","SRC_0041"
"642","428.293","20","0.046697004","93","73","6789","14.4","./Particles/Particles_00966.png","SRC_0041"
"642","428.293","20","0.046697004","84","82","6888","14.4","./Particles/Particles_00967.png","SRC_0041"
"642","428.293","20","0.046697004","91","81","7371","14.4","./Particles/Particles_00968.png","SRC_0041"
"642","428.293","20","0.046697004","94","95","8930","14.4","./Particles/Particles_00969.png","SRC_0041"
"642","428.293","20","0.046697004","107","89","9523","14.4","./Particles/Particles_00970.png","SRC_0041"
"642","428.293","20","0.046697004","104","96","9984","14.4","./Particles/Particles_00971.png","SRC_0041"
"642","428.293","20","0.046697004","147","139","20433","14.4","./Particles/Particles_00972.png","SRC_0041"
"642","428.293","20","0.046697004","170","147","24990","14.4","./Particles/Particles_00973.png","SRC_0041"
"644","64.858","10","0.154182984","35","30","1050","40","./Particles/Particles_00974.png","SRC_0042"
"644","64.858","10","0.154182984","35","33","1155","40","./Particles/Particles_00975.png","SRC_0042"
"644","64.858","10","0.154182984","34","35","1190","40","./Particles/Particles_00976.png","SRC_0042"
"644","64.858","10","0.154182984","35","39","1365","40","./Particles/Particles_00977.png","SRC_0042"
"644","64.858","10","0.154182984","39","35","1365","40","./Particles/Particles_00978.png","SRC_0042"
"644","64.858","10","0.154182984","42","36","1512","40","./Particles/Particles_00979.png","SRC_0042"
"644","64.858","10","0.154182984","44","38","1672","40","./Particles/Particles_00980.png","SRC_0042"
"644","64.858","10","0.154182984","47","44","2068","40","./Particles/Particles_00981.png","SRC_0042"
"644","64.858","10","0.154182984","49","45","2205","40","./Particles/Particles_00982.png","SRC_0042"
"645","63.054","10","0.158594221","44","49","2156","15","./Particles/Particles_00983.png","SRC_0042"
"645","63.054","10","0.158594221","48","47","2256","15","./Particles/Particles_00984.png","SRC_0042"
"645","63.054","10","0.158594221","50","51","2550","15","./Particles/Particles_00985.png","SRC_0042"
"645","63.054","10","0.158594221","51","52","2652","15","./Particles/Particles_00986.png","SRC_0042"
"645","63.054","10","0.158594221","52","54","2808","15","./Particles/Particles_00987.png","SRC_0042"
"645","63.054","10","0.158594221","57","50","2850","15","./Particles/Particles_00988.png","SRC_0042"
"645","63.054","10","0.158594221","60","49","2940","15","./Particles/Particles_00989.png","SRC_0042"
"645","63.054","10","0.158594221","57","52","2964","15","./Particles/Particles_00990.png","SRC_0042"
"645","63.054","10","0.158594221","59","51","3009","15","./Particles/Particles_00991.png","SRC_0042"
"645","63.054","10","0.158594221","54","56","3024","15","./Particles/Particles_00992.png","SRC_0042"
"645","63.054","10","0.158594221","56","57","3192","15","./Particles/Particles_00993.png","SRC_0042"
"645","63.054","10","0.158594221","56","58","3248","15","./Particles/Particles_00994.png","SRC_0042"
"645","63.054","10","0.158594221","54","63","3402","15","./Particles/Particles_00995.png","SRC_0042"
"645","63.054","10","0.158594221","61","57","3477","15","./Particles/Particles_00996.png","SRC_0042"
"645","63.054","10","0.158594221","59","59","3481","15","./Particles/Particles_00997.png","SRC_0042"
"645","63.054","10","0.158594221","61","62","3782","15","./Particles/Particles_00998.png","SRC_0042"
"645","63.054","10","0.158594221","65","60","3900","15","./Particles/Particles_00999.png","SRC_0042"
"645","63.054","10","0.158594221","67","59","3953","15","./Particles/Particles_01000.png","SRC_0042"
"645","63.054","10","0.158594221","70","72","5040","15","./Particles/Particles_01001.png","SRC_0042"
"652","24.355","1","0.041059331","66","63","4158","70.32","./Particles/Particles_01002.png","SRC_0043"
"652","24.355","1","0.041059331","79","64","5056","70.32","./Particles/Particles_01003.png","SRC_0043"
"652","24.355","1","0.041059331","85","66","5610","70.32","./Particles/Particles_01004.png","SRC_0043"
"652","24.355","1","0.041059331","82","78","6396","70.32","./Particles/Particles_01005.png","SRC_0043"
"652","24.355","1","0.041059331","85","82","6970","70.32","./Particles/Particles_01006.png","SRC_0043"
"652","56.727","1","0.01762829","111","128","14208","70.32","./Particles/Particles_01007.png","SRC_0043"
"652","56.727","1","0.01762829","112","139","15568","70.32","./Particles/Particles_01008.png","SRC_0043"
"652","56.727","1","0.01762829","130","134","17420","70.32","./Particles/Particles_01009.png","SRC_0043"
"652","56.727","1","0.01762829","131","135","17685","70.32","./Particles/Particles_01010.png","SRC_0043"
"652","56.727","1","0.01762829","141","136","19176","70.32","./Particles/Particles_01011.png","SRC_0043"
"652","56.727","1","0.01762829","151","140","21140","70.32","./Particles/Particles_01012.png","SRC_0043"
"652","56.727","1","0.01762829","140","156","21840","70.32","./Particles/Particles_01013.png","SRC_0043"
"652","21.461","0.2","0.00931923","181","168","30408","70.32","./Particles/Particles_01014.png","SRC_0043"
"652","56.727","1","0.01762829","207","206","42642","70.32","./Particles/Particles_01015.png","SRC_0043"
"652","24.78","0.2","0.008071025","220","235","51700","70.32","./Particles/Particles_01016.png","SRC_0043"
"652","21.461","0.2","0.00931923","282","245","69090","70.32","./Particles/Particles_01017.png","SRC_0043"
"652","24.78","0.2","0.008071025","429","398","170742","70.32","./Particles/Particles_01018.png","SRC_0043"
"658","48.258","2","0.041443906","67","66","4422","65.6","./Particles/Particles_01019.png","SRC_0043"
"658","48.258","2","0.041443906","67","67","4489","65.6","./Particles/Particles_01020.png","SRC_0043"
"658","48.258","2","0.041443906","75","76","5700","65.6","./Particles/Particles_01021.png","SRC_0043"
"658","48.258","2","0.041443906","84","83","6972","65.6","./Particles/Particles_01022.png","SRC_0043"
"658","48.258","2","0.041443906","89","80","7120","65.6","./Particles/Particles_01023.png","SRC_0043"
"658","48.258","2","0.041443906","90","80","7200","65.6","./Particles/Particles_01024.png","SRC_0043"
"658","48.258","2","0.041443906","87","91","7917","65.6","./Particles/Particles_01025.png","SRC_0043"
"661","188.426","3","0.01592137","101","95","9595","56.16","./Particles/Particles_01026.png","SRC_0044"
"661","188.426","3","0.01592137","293","286","83798","56.16","./Particles/Particles_01027.png","SRC_0044"
"662","186.859","3","0.016054886","92","59","5428","71.02","./Particles/Particles_01028.png","SRC_0044"
"662","186.859","3","0.016054886","90","100","9000","71.02","./Particles/Particles_01029.png","SRC_0044"
"662","186.859","3","0.016054886","105","86","9030","71.02","./Particles/Particles_01030.png","SRC_0044"
"662","186.859","3","0.016054886","110","107","11770","71.02","./Particles/Particles_01031.png","SRC_0044"
"662","186.859","3","0.016054886","118","117","13806","71.02","./Particles/Particles_01032.png","SRC_0044"
"663","187.097","3","0.016034463","71","63","4473","64.32","./Particles/Particles_01033.png","SRC_0044"
"663","187.097","3","0.016034463","76","74","5624","64.32","./Particles/Particles_01034.png","SRC_0044"
"663","187.097","3","0.016034463","91","77","7007","64.32","./Particles/Particles_01035.png","SRC_0044"
"663","187.097","3","0.016034463","94","108","10152","64.32","./Particles/Particles_01036.png","SRC_0044"
"664","188.912","3","0.01588041","75","84","6300","32.21","./Particles/Particles_01037.png","SRC_0044"
"664","188.912","3","0.01588041","93","102","9486","32.21","./Particles/Particles_01038.png","SRC_0044"
"664","188.912","3","0.01588041","143","127","18161","32.21","./Particles/Particles_01039.png","SRC_0044"
"664","188.912","3","0.01588041","187","171","31977","32.21","./Particles/Particles_01040.png","SRC_0044"
"664","188.912","3","0.01588041","191","214","40874","32.21","./Particles/Particles_01041.png","SRC_0044"
"671","95.966","50","0.52101786","97","95","9215","4.2","./Particles/Particles_01048.png","SRC_0026"
"671","95.966","50","0.52101786","149","136","20264","4.2","./Particles/Particles_01049.png","SRC_0026"
"671","95.966","50","0.52101786","183","123","22509","4.2","./Particles/Particles_01050.png","SRC_0026"
"671","83.107","5","0.060163404","238","249","59262","4.2","./Particles/Particles_01051.png","SRC_0026"
"671","81.789","2","0.024453166","378","265","100170","4.2","./Particles/Particles_01052.png","SRC_0026"
"674","112.142","100","0.891726561","136","186","25296","32.7","./Particles/Particles_01053.png","SRC_0026"
"674","112.142","100","0.891726561","205","206","42230","32.7","./Particles/Particles_01054.png","SRC_0026"
"675","108.952","100","0.917835377","145","85","12325","40.9","./Particles/Particles_01055.png","SRC_0026"
"675","108.952","100","0.917835377","145","130","18850","40.9","./Particles/Particles_01056.png","SRC_0026"
"675","108.952","100","0.917835377","178","148","26344","40.9","./Particles/Particles_01057.png","SRC_0026"
"676","111.956","100","0.893208046","59","44","2596","41.9","./Particles/Particles_01058.png","SRC_0026"
"676","111.956","100","0.893208046","50","58","2900","41.9","./Particles/Particles_01059.png","SRC_0026"
"676","111.956","100","0.893208046","73","48","3504","41.9","./Particles/Particles_01060.png","SRC_0026"
"676","111.956","100","0.893208046","65","54","3510","41.9","./Particles/Particles_01061.png","SRC_0026"
"676","111.956","100","0.893208046","67","58","3886","41.9","./Particles/Particles_01062.png","SRC_0026"
"676","111.956","100","0.893208046","75","93","6975","41.9","./Particles/Particles_01063.png","SRC_0026"
"676","111.956","100","0.893208046","110","70","7700","41.9","./Particles/Particles_01064.png","SRC_0026"
"676","111.956","100","0.893208046","92","87","8004","41.9","./Particles/Particles_01065.png","SRC_0026"
"676","111.956","100","0.893208046","111","114","12654","41.9","./Particles/Particles_01066.png","SRC_0026"
"676","111.956","100","0.893208046","128","115","14720","41.9","./Particles/Particles_01067.png","SRC_0026"
"677","71.963","10","0.138960299","20","15","300","41","./Particles/Particles_01068.png","SRC_0027"
"677","71.963","10","0.138960299","22","20","440","41","./Particles/Particles_01069.png","SRC_0027"
"677","71.963","10","0.138960299","21","22","462","41","./Particles/Particles_01070.png","SRC_0027"
"677","71.963","10","0.138960299","24","29","696","41","./Particles/Particles_01071.png","SRC_0027"
"677","71.963","10","0.138960299","22","34","748","41","./Particles/Particles_01072.png","SRC_0027"
"678","72.392","0.5","0.006906841","103","90","9270","36.8","./Particles/Particles_01073.png","SRC_0027"
"678","72.392","0.5","0.006906841","131","133","17423","36.8","./Particles/Particles_01074.png","SRC_0027"
"679","70.39","0.5","0.007103282","123","119","14637","37","./Particles/Particles_01075.png","SRC_0027"
"679","70.39","0.5","0.007103282","129","128","16512","37","./Particles/Particles_01076.png","SRC_0027"
"679","70.39","0.5","0.007103282","194","189","36666","37","./Particles/Particles_01077.png","SRC_0027"
"680","71.57","10","0.139723348","24","27","648","35","./Particles/Particles_01078.png","SRC_0027"
"680","71.57","10","0.139723348","31","34","1054","35","./Particles/Particles_01079.png","SRC_0027"
"680","71.57","10","0.139723348","36","32","1152","35","./Particles/Particles_01080.png","SRC_0027"
"680","71.57","10","0.139723348","52","41","2132","35","./Particles/Particles_01081.png","SRC_0027"
"680","71.57","10","0.139723348","63","52","3276","35","./Particles/Particles_01082.png","SRC_0027"
"691","218.374","5","0.022896499","93","88","8184","86.45","./Particles/Particles_01102.png","SRC_0045"
"691","218.374","5","0.022896499","103","84","8652","86.45","./Particles/Particles_01103.png","SRC_0045"
"691","218.374","5","0.022896499","83","103","8549","86.45","./Particles/Particles_01104.png","SRC_0045"
"691","218.374","5","0.022896499","98","101","9898","86.45","./Particles/Particles_01105.png","SRC_0045"
"691","218.374","5","0.022896499","116","102","11832","86.45","./Particles/Particles_01106.png","SRC_0045"
"691","218.374","5","0.022896499","112","106","11872","86.45","./Particles/Particles_01107.png","SRC_0045"
"691","218.374","5","0.022896499","124","106","13144","86.45","./Particles/Particles_01108.png","SRC_0045"
"691","218.374","5","0.022896499","199","173","34427","86.45","./Particles/Particles_01109.png","SRC_0045"
"691","218.374","5","0.022896499","192","200","38400","86.45","./Particles/Particles_01110.png","SRC_0045"
"692","91.214","50","0.548161466","49","55","2695","26","./Particles/Particles_01111.png","SRC_0046"
"692","91.214","50","0.548161466","135","142","19170","26","./Particles/Particles_01112.png","SRC_0046"
"692","91.214","50","0.548161466","146","141","20586","26","./Particles/Particles_01113.png","SRC_0046"
"692","91.214","50","0.548161466","169","169","28561","26","./Particles/Particles_01114.png","SRC_0046"
"694","84.633","5","0.05907861","43","45","1935","26.3","./Particles/Particles_01115.png","SRC_0047"
"694","84.633","5","0.05907861","46","44","2024","26.3","./Particles/Particles_01116.png","SRC_0047"
"694","84.633","5","0.05907861","51","42","2142","26.3","./Particles/Particles_01117.png","SRC_0047"
"694","84.633","5","0.05907861","68","43","2924","26.3","./Particles/Particles_01118.png","SRC_0047"
"694","84.633","5","0.05907861","63","68","4284","26.3","./Particles/Particles_01119.png","SRC_0047"
"694","84.633","5","0.05907861","70","74","5180","26.3","./Particles/Particles_01120.png","SRC_0047"
"694","84.633","5","0.05907861","85","81","6885","26.3","./Particles/Particles_01121.png","SRC_0047"
"694","84.633","5","0.05907861","91","84","7644","26.3","./Particles/Particles_01122.png","SRC_0047"
"694","54.101","1","0.018483947","131","120","15720","26.3","./Particles/Particles_01123.png","SRC_0047"
"694","54.101","1","0.018483947","176","137","24112","26.3","./Particles/Particles_01124.png","SRC_0047"
"694","54.101","1","0.018483947","350","303","106050","26.3","./Particles/Particles_01125.png","SRC_0047"
"696","64.037","5","0.07807986","48","43","2064","38.25","./Particles/Particles_01126.png","SRC_0047"
"696","64.037","5","0.07807986","51","41","2091","38.25","./Particles/Particles_01127.png","SRC_0047"
"696","64.037","5","0.07807986","53","47","2491","38.25","./Particles/Particles_01128.png","SRC_0047"
"696","53.682","1","0.018628218","75","67","5025","38.25","./Particles/Particles_01129.png","SRC_0047"
"696","53.682","1","0.018628218","73","69","5037","38.25","./Particles/Particles_01130.png","SRC_0047"
"696","53.682","1","0.018628218","80","66","5280","38.25","./Particles/Particles_01131.png","SRC_0047"
"696","53.682","1","0.018628218","91","72","6552","38.25","./Particles/Particles_01132.png","SRC_0047"
"696","53.682","1","0.018628218","85","79","6715","38.25","./Particles/Particles_01133.png","SRC_0047"
"696","53.682","1","0.018628218","86","84","7224","38.25","./Particles/Particles_01134.png","SRC_0047"
"696","53.682","1","0.018628218","89","84","7476","38.25","./Particles/Particles_01135.png","SRC_0047"
"696","53.682","1","0.018628218","82","94","7708","38.25","./Particles/Particles_01136.png","SRC_0047"
"696","53.682","1","0.018628218","108","104","11232","38.25","./Particles/Particles_01137.png","SRC_0047"
"696","53.682","1","0.018628218","107","107","11449","38.25","./Particles/Particles_01138.png","SRC_0047"
"696","53.682","1","0.018628218","115","108","12420","38.25","./Particles/Particles_01139.png","SRC_0047"
"698","69.124","5","0.072333777","32","30","960","48.5","./Particles/Particles_01140.png","SRC_0047"
"698","69.124","5","0.072333777","38","33","1254","48.5","./Particles/Particles_01141.png","SRC_0047"
"698","69.124","5","0.072333777","45","37","1665","48.5","./Particles/Particles_01142.png","SRC_0047"
"698","69.124","5","0.072333777","45","40","1800","48.5","./Particles/Particles_01143.png","SRC_0047"
"698","69.124","5","0.072333777","84","74","6216","48.5","./Particles/Particles_01144.png","SRC_0047"
"698","69.124","5","0.072333777","88","77","6776","48.5","./Particles/Particles_01145.png","SRC_0047"
"699","62.735","5","0.079700327","28","23","644","34","./Particles/Particles_01146.png","SRC_0047"
"699","62.735","5","0.079700327","39","37","1443","34","./Particles/Particles_01147.png","SRC_0047"
"699","62.735","5","0.079700327","38","39","1482","34","./Particles/Particles_01148.png","SRC_0047"
"699","62.735","5","0.079700327","39","39","1521","34","./Particles/Particles_01149.png","SRC_0047"
"699","62.735","5","0.079700327","38","42","1596","34","./Particles/Particles_01150.png","SRC_0047"
"699","62.735","5","0.079700327","46","40","1840","34","./Particles/Particles_01151.png","SRC_0047"
"699","62.735","5","0.079700327","51","38","1938","34","./Particles/Particles_01152.png","SRC_0047"
"699","62.735","5","0.079700327","47","44","2068","34","./Particles/Particles_01153.png","SRC_0047"
"699","62.735","5","0.079700327","46","51","2346","34","./Particles/Particles_01154.png","SRC_0047"
"700","60.251","5","0.082986175","28","32","896","44.6","./Particles/Particles_01155.png","SRC_0047"
"700","60.251","5","0.082986175","28","33","924","44.6","./Particles/Particles_01156.png","SRC_0047"
"700","60.251","5","0.082986175","31","30","930","44.6","./Particles/Particles_01157.png","SRC_0047"
"700","60.251","5","0.082986175","31","33","1023","44.6","./Particles/Particles_01158.png","SRC_0047"
"700","60.251","5","0.082986175","32","36","1152","44.6","./Particles/Particles_01159.png","SRC_0047"
"700","60.251","5","0.082986175","31","38","1178","44.6","./Particles/Particles_01160.png","SRC_0047"
"700","60.251","5","0.082986175","38","31","1178","44.6","./Particles/Particles_01161.png","SRC_0047"
"700","60.251","5","0.082986175","33","36","1188","44.6","./Particles/Particles_01162.png","SRC_0047"
"700","60.251","5","0.082986175","33","40","1320","44.6","./Particles/Particles_01163.png","SRC_0047"
"700","60.251","5","0.082986175","40","34","1360","44.6","./Particles/Particles_01164.png","SRC_0047"
"700","60.251","5","0.082986175","33","42","1386","44.6","./Particles/Particles_01165.png","SRC_0047"
"701","61.2","5","0.081699346","27","31","837","31.3","./Particles/Particles_01166.png","SRC_0047"
"701","61.2","5","0.081699346","30","31","930","31.3","./Particles/Particles_01167.png","SRC_0047"
"701","61.2","5","0.081699346","34","39","1326","31.3","./Particles/Particles_01168.png","SRC_0047"
"701","61.2","5","0.081699346","35","38","1330","31.3","./Particles/Particles_01169.png","SRC_0047"
"701","61.2","5","0.081699346","42","41","1722","31.3","./Particles/Particles_01170.png","SRC_0047"
"701","61.2","5","0.081699346","45","41","1845","31.3","./Particles/Particles_01171.png","SRC_0047"
"701","61.2","5","0.081699346","44","42","1848","31.3","./Particles/Particles_01172.png","SRC_0047"
"702","60.719","5","0.082346547","31","29","899","42.75","./Particles/Particles_01173.png","SRC_0047"
"702","60.719","5","0.082346547","32","30","960","42.75","./Particles/Particles_01174.png","SRC_0047"
"702","60.719","5","0.082346547","32","34","1088","42.75","./Particles/Particles_01175.png","SRC_0047"
"702","60.719","5","0.082346547","34","39","1326","42.75","./Particles/Particles_01176.png","SRC_0047"
"702","60.719","5","0.082346547","34","43","1462","42.75","./Particles/Particles_01177.png","SRC_0047"
"702","60.719","5","0.082346547","38","39","1482","42.75","./Particles/Particles_01178.png","SRC_0047"
"702","60.719","5","0.082346547","39","40","1560","42.75","./Particles/Particles_01179.png","SRC_0047"
"702","60.719","5","0.082346547","43","38","1634","42.75","./Particles/Particles_01180.png","SRC_0047"
"702","60.719","5","0.082346547","42","43","1806","42.75","./Particles/Particles_01181.png","SRC_0047"
"702","60.719","5","0.082346547","49","48","2352","42.75","./Particles/Particles_01182.png","SRC_0047"
"702","60.719","5","0.082346547","57","44","2508","42.75","./Particles/Particles_01183.png","SRC_0047"
"711","260.662","50","0.191819291","71","79","5609","39.8","./Particles/Particles_01187.png","SRC_0049"
"711","260.662","50","0.191819291","133","131","17423","39.8","./Particles/Particles_01188.png","SRC_0049"
"711","260.662","50","0.191819291","147","127","18669","39.8","./Particles/Particles_01189.png","SRC_0049"
"711","260.662","50","0.191819291","284","272","77248","39.8","./Particles/Particles_01190.png","SRC_0049"
"713","264.721","50","0.188878102","168","196","32928","43.2","./Particles/Particles_01191.png","SRC_0049"
"713","264.721","50","0.188878102","212","190","40280","43.2","./Particles/Particles_01192.png","SRC_0049"
"713","264.721","50","0.188878102","254","263","66802","43.2","./Particles/Particles_01193.png","SRC_0049"
"744","183.984","5","0.027176276","93","102","9486","37","./Particles/Particles_01231.png","SRC_0051"
"744","183.984","5","0.027176276","109","108","11772","37","./Particles/Particles_01232.png","SRC_0051"
"744","183.984","5","0.027176276","116","116","13456","37","./Particles/Particles_01233.png","SRC_0051"
"745","184.111","5","0.02715753","100","104","10400","27","./Particles/Particles_01234.png","SRC_0051"
"745","184.111","5","0.02715753","142","156","22152","27","./Particles/Particles_01235.png","SRC_0051"
"745","184.111","5","0.02715753","151","158","23858","27","./Particles/Particles_01236.png","SRC_0051"
"745","184.111","5","0.02715753","157","174","27318","27","./Particles/Particles_01237.png","SRC_0051"
"746","155.995","10","0.064104619","67","59","3953","15.11","./Particles/Particles_01238.png","SRC_0052"
"746","155.995","10","0.064104619","84","61","5124","15.11","./Particles/Particles_01239.png","SRC_0052"
"746","155.995","10","0.064104619","98","67","6566","15.11","./Particles/Particles_01240.png","SRC_0052"
"746","155.995","10","0.064104619","99","68","6732","15.11","./Particles/Particles_01241.png","SRC_0052"
"746","155.995","10","0.064104619","82","107","8774","15.11","./Particles/Particles_01242.png","SRC_0052"
"746","155.995","10","0.064104619","133","123","16359","15.11","./Particles/Particles_01243.png","SRC_0052"
"746","155.995","10","0.064104619","146","141","20586","15.11","./Particles/Particles_01244.png","SRC_0052"
"747","181.038","5","0.027618511","46","40","1840","50.05","./Particles/Particles_01245.png","SRC_0052"
"747","181.038","5","0.027618511","50","45","2250","50.05","./Particles/Particles_01246.png","SRC_0052"
"747","181.038","5","0.027618511","50","46","2300","50.05","./Particles/Particles_01247.png","SRC_0052"
"747","181.038","5","0.027618511","48","57","2736","50.05","./Particles/Particles_01248.png","SRC_0052"
"747","181.038","5","0.027618511","61","53","3233","50.05","./Particles/Particles_01249.png","SRC_0052"
"747","181.038","5","0.027618511","57","58","3306","50.05","./Particles/Particles_01250.png","SRC_0052"
"747","181.038","5","0.027618511","60","66","3960","50.05","./Particles/Particles_01251.png","SRC_0052"
"747","181.038","5","0.027618511","81","87","7047","50.05","./Particles/Particles_01252.png","SRC_0052"
"747","181.038","5","0.027618511","94","88","8272","50.05","./Particles/Particles_01253.png","SRC_0052"
"747","181.038","5","0.027618511","105","97","10185","50.05","./Particles/Particles_01254.png","SRC_0052"
"749","154.738","10","0.064625367","45","43","1935","51.01","./Particles/Particles_01255.png","SRC_0052"
"749","154.738","10","0.064625367","46","47","2162","51.01","./Particles/Particles_01256.png","SRC_0052"
"749","154.738","10","0.064625367","48","50","2400","51.01","./Particles/Particles_01257.png","SRC_0052"
"749","154.738","10","0.064625367","54","52","2808","51.01","./Particles/Particles_01258.png","SRC_0052"
"749","154.738","10","0.064625367","57","55","3135","51.01","./Particles/Particles_01259.png","SRC_0052"
"749","154.738","10","0.064625367","67","59","3953","51.01","./Particles/Particles_01260.png","SRC_0052"
"749","154.738","10","0.064625367","63","71","4473","51.01","./Particles/Particles_01261.png","SRC_0052"
"749","154.738","10","0.064625367","78","74","5772","51.01","./Particles/Particles_01262.png","SRC_0052"
"750","33.783","2","0.059201373","42","43","1806","89.9","./Particles/Particles_01263.png","SRC_0067"
"750","33.783","2","0.059201373","43","49","2107","89.9","./Particles/Particles_01264.png","SRC_0067"
"750","33.783","2","0.059201373","42","56","2352","89.9","./Particles/Particles_01265.png","SRC_0067"
"750","33.783","2","0.059201373","44","59","2596","89.9","./Particles/Particles_01266.png","SRC_0067"
"750","33.783","2","0.059201373","55","51","2805","89.9","./Particles/Particles_01267.png","SRC_0067"
"750","33.783","2","0.059201373","55","54","2970","89.9","./Particles/Particles_01268.png","SRC_0067"
"750","33.783","2","0.059201373","54","56","3024","89.9","./Particles/Particles_01269.png","SRC_0067"
"750","33.783","2","0.059201373","62","52","3224","89.9","./Particles/Particles_01270.png","SRC_0067"
"750","33.783","2","0.059201373","68","53","3604","89.9","./Particles/Particles_01271.png","SRC_0067"
"750","33.783","2","0.059201373","69","55","3795","89.9","./Particles/Particles_01272.png","SRC_0067"
"750","33.783","2","0.059201373","71","56","3976","89.9","./Particles/Particles_01273.png","SRC_0067"
"750","33.783","2","0.059201373","62","71","4402","89.9","./Particles/Particles_01274.png","SRC_0067"
"750","33.783","2","0.059201373","64","73","4672","89.9","./Particles/Particles_01275.png","SRC_0067"
"750","33.783","2","0.059201373","75","85","6375","89.9","./Particles/Particles_01276.png","SRC_0067"
"750","33.783","2","0.059201373","80","86","6880","89.9","./Particles/Particles_01277.png","SRC_0067"
"750","70.815","1","0.014121302","361","367","132487","89.9","./Particles/Particles_01278.png","SRC_0067"
"752","33.801","2","0.059169847","57","42","2394","85.5","./Particles/Particles_01279.png","SRC_0067"
"752","33.801","2","0.059169847","67","53","3551","85.5","./Particles/Particles_01280.png","SRC_0067"
"752","33.801","2","0.059169847","55","65","3575","85.5","./Particles/Particles_01281.png","SRC_0067"
"752","33.801","2","0.059169847","60","62","3720","85.5","./Particles/Particles_01282.png","SRC_0067"
"752","33.801","2","0.059169847","69","54","3726","85.5","./Particles/Particles_01283.png","SRC_0067"
"752","33.801","2","0.059169847","59","78","4602","85.5","./Particles/Particles_01284.png","SRC_0067"
"752","33.801","2","0.059169847","83","66","5478","85.5","./Particles/Particles_01285.png","SRC_0067"
"752","71.005","1","0.014083515","208","228","47424","85.5","./Particles/Particles_01286.png","SRC_0067"
"752","71.005","1","0.014083515","280","255","71400","85.5","./Particles/Particles_01287.png","SRC_0067"
"754","73.487","1","0.013607849","342","268","91656","76.6","./Particles/Particles_01288.png","SRC_0067"
"755","34.839","2","0.057406929","61","52","3172","73.7","./Particles/Particles_01289.png","SRC_0067"
"755","34.839","2","0.057406929","57","63","3591","73.7","./Particles/Particles_01290.png","SRC_0067"
"755","34.839","2","0.057406929","71","59","4189","73.7","./Particles/Particles_01291.png","SRC_0067"
"755","34.839","2","0.057406929","74","67","4958","73.7","./Particles/Particles_01292.png","SRC_0067"
"755","34.839","2","0.057406929","67","77","5159","73.7","./Particles/Particles_01293.png","SRC_0067"
"755","34.839","2","0.057406929","86","65","5590","73.7","./Particles/Particles_01294.png","SRC_0067"
"755","34.839","2","0.057406929","92","83","7636","73.7","./Particles/Particles_01295.png","SRC_0067"
"755","34.839","2","0.057406929","101","83","8383","73.7","./Particles/Particles_01296.png","SRC_0067"
"755","71.841","1","0.013919628","99","109","10791","73.7","./Particles/Particles_01297.png","SRC_0067"
"755","34.839","2","0.057406929","110","101","11110","73.7","./Particles/Particles_01298.png","SRC_0067"
"755","71.841","1","0.013919628","305","318","96990","73.7","./Particles/Particles_01299.png","SRC_0067"
"757","71.358","1","0.014013846","253","274","69322","70.1","./Particles/Particles_01300.png","SRC_0067"
"758","33.582","2","0.059555714","61","71","4331","64.6","./Particles/Particles_01301.png","SRC_0067"
"758","33.582","2","0.059555714","66","68","4488","64.6","./Particles/Particles_01302.png","SRC_0067"
"758","33.582","2","0.059555714","77","64","4928","64.6","./Particles/Particles_01303.png","SRC_0067"
"758","33.582","2","0.059555714","85","67","5695","64.6","./Particles/Particles_01304.png","SRC_0067"
"758","33.582","2","0.059555714","67","87","5829","64.6","./Particles/Particles_01305.png","SRC_0067"
"758","33.582","2","0.059555714","78","76","5928","64.6","./Particles/Particles_01306.png","SRC_0067"
"758","33.582","2","0.059555714","98","74","7252","64.6","./Particles/Particles_01307.png","SRC_0067"
"758","33.582","2","0.059555714","87","91","7917","64.6","./Particles/Particles_01308.png","SRC_0067"
"758","33.582","2","0.059555714","103","79","8137","64.6","./Particles/Particles_01309.png","SRC_0067"
"758","33.582","2","0.059555714","86","98","8428","64.6","./Particles/Particles_01310.png","SRC_0067"
"758","33.582","2","0.059555714","105","102","10710","64.6","./Particles/Particles_01311.png","SRC_0067"
"758","33.582","2","0.059555714","111","124","13764","64.6","./Particles/Particles_01312.png","SRC_0067"
"758","71.363","1","0.014012864","368","282","103776","64.6","./Particles/Particles_01313.png","SRC_0067"
"762","75.589","10","0.132294381","46","33","1518","23","./Particles/Particles_01314.png","SRC_0053"
"762","75.589","10","0.132294381","46","40","1840","23","./Particles/Particles_01315.png","SRC_0053"
"762","75.589","10","0.132294381","47","46","2162","23","./Particles/Particles_01316.png","SRC_0053"
"762","75.589","10","0.132294381","48","46","2208","23","./Particles/Particles_01317.png","SRC_0053"
"762","75.589","10","0.132294381","47","51","2397","23","./Particles/Particles_01318.png","SRC_0053"
"762","75.589","10","0.132294381","54","53","2862","23","./Particles/Particles_01319.png","SRC_0053"
"762","75.589","10","0.132294381","69","74","5106","23","./Particles/Particles_01320.png","SRC_0053"
"766","193.26","50","0.258718824","44","43","1892","30.47","./Particles/Particles_01321.png","SRC_0054"
"766","193.26","50","0.258718824","54","40","2160","30.47","./Particles/Particles_01322.png","SRC_0054"
"766","193.26","50","0.258718824","48","50","2400","30.47","./Particles/Particles_01323.png","SRC_0054"
"766","193.26","50","0.258718824","55","50","2750","30.47","./Particles/Particles_01324.png","SRC_0054"
"766","193.26","50","0.258718824","56","58","3248","30.47","./Particles/Particles_01325.png","SRC_0054"
"766","193.26","50","0.258718824","168","129","21672","30.47","./Particles/Particles_01326.png","SRC_0054"
"767","195.888","10","0.051049579","123","99","12177","30.77","./Particles/Particles_01327.png","SRC_0054"
"767","195.888","10","0.051049579","125","112","14000","30.77","./Particles/Particles_01328.png","SRC_0054"
"767","195.888","10","0.051049579","135","126","17010","30.77","./Particles/Particles_01329.png","SRC_0054"
"767","195.888","10","0.051049579","127","137","17399","30.77","./Particles/Particles_01330.png","SRC_0054"
"767","195.888","10","0.051049579","126","143","18018","30.77","./Particles/Particles_01331.png","SRC_0054"
"767","195.888","10","0.051049579","181","172","31132","30.77","./Particles/Particles_01332.png","SRC_0054"
"767","195.888","10","0.051049579","177","209","36993","30.77","./Particles/Particles_01333.png","SRC_0054"
"768","279.34","500","1.789933414","367","502","184234","30.62","./Particles/Particles_01334.png","SRC_0054"
"770","313.389","10","0.031909225","79","86","6794","18.33","./Particles/Particles_01335.png","SRC_0054"
"770","313.389","10","0.031909225","91","82","7462","18.33","./Particles/Particles_01336.png","SRC_0054"
"770","313.389","10","0.031909225","98","80","7840","18.33","./Particles/Particles_01337.png","SRC_0054"
"770","313.389","10","0.031909225","102","89","9078","18.33","./Particles/Particles_01338.png","SRC_0054"
"770","313.389","10","0.031909225","87","109","9483","18.33","./Particles/Particles_01339.png","SRC_0054"
"770","313.389","10","0.031909225","115","84","9660","18.33","./Particles/Particles_01340.png","SRC_0054"
"770","313.389","10","0.031909225","117","112","13104","18.33","./Particles/Particles_01341.png","SRC_0054"
"770","313.389","10","0.031909225","122","120","14640","18.33","./Particles/Particles_01342.png","SRC_0054"
"770","313.389","10","0.031909225","127","116","14732","18.33","./Particles/Particles_01343.png","SRC_0054"
"771","189.918","10","0.052654303","94","71","6674","35.06","./Particles/Particles_01344.png","SRC_0054"
"771","189.918","10","0.052654303","89","81","7209","35.06","./Particles/Particles_01345.png","SRC_0054"
"771","189.918","10","0.052654303","96","91","8736","35.06","./Particles/Particles_01346.png","SRC_0054"
"771","189.918","10","0.052654303","105","92","9660","35.06","./Particles/Particles_01347.png","SRC_0054"
"771","189.918","10","0.052654303","105","107","11235","35.06","./Particles/Particles_01348.png","SRC_0054"
"772","218.886","10","0.045685882","71","58","4118","16.31","./Particles/Particles_01349.png","SRC_0054"
"772","218.886","10","0.045685882","87","72","6264","16.31","./Particles/Particles_01350.png","SRC_0054"
"772","218.886","10","0.045685882","116","107","12412","16.31","./Particles/Particles_01351.png","SRC_0054"
"772","218.886","10","0.045685882","123","118","14514","16.31","./Particles/Particles_01352.png","SRC_0054"
"772","218.886","10","0.045685882","119","124","14756","16.31","./Particles/Particles_01353.png","SRC_0054"
"772","218.886","10","0.045685882","143","165","23595","16.31","./Particles/Particles_01354.png","SRC_0054"
"772","218.886","10","0.045685882","198","210","41580","16.31","./Particles/Particles_01355.png","SRC_0054"
"773","166.609","10","0.060020767","53","51","2703","32.52","./Particles/Particles_01356.png","SRC_0054"
"773","166.609","10","0.060020767","59","51","3009","32.52","./Particles/Particles_01357.png","SRC_0054"
"773","166.609","10","0.060020767","59","51","3009","32.52","./Particles/Particles_01358.png","SRC_0054"
"773","166.609","10","0.060020767","57","59","3363","32.52","./Particles/Particles_01359.png","SRC_0054"
"773","166.609","10","0.060020767","56","62","3472","32.52","./Particles/Particles_01360.png","SRC_0054"
"773","166.609","10","0.060020767","66","60","3960","32.52","./Particles/Particles_01361.png","SRC_0054"
"773","166.609","10","0.060020767","100","88","8800","32.52","./Particles/Particles_01362.png","SRC_0054"
"773","166.609","10","0.060020767","92","108","9936","32.52","./Particles/Particles_01363.png","SRC_0054"
"776","168.217","5","0.029723512","77","81","6237","45.69","./Particles/Particles_01364.png","SRC_0054"
"776","168.217","5","0.029723512","83","92","7636","45.69","./Particles/Particles_01365.png","SRC_0054"
"776","168.217","5","0.029723512","97","98","9506","45.69","./Particles/Particles_01366.png","SRC_0054"
"776","168.217","5","0.029723512","108","98","10584","45.69","./Particles/Particles_01367.png","SRC_0054"
"776","168.217","5","0.029723512","110","103","11330","45.69","./Particles/Particles_01368.png","SRC_0054"
"776","168.217","5","0.029723512","103","115","11845","45.69","./Particles/Particles_01369.png","SRC_0054"
"777","145.249","10","0.06884729","60","62","3720","38.75","./Particles/Particles_01370.png","SRC_0054"
"777","145.249","10","0.06884729","69","67","4623","38.75","./Particles/Particles_01371.png","SRC_0054"
"777","145.249","10","0.06884729","89","86","7654","38.75","./Particles/Particles_01372.png","SRC_0054"
"777","145.249","10","0.06884729","100","89","8900","38.75","./Particles/Particles_01373.png","SRC_0054"
"779","251.305","10","0.039792284","110","102","11220","36.49","./Particles/Particles_01374.png","SRC_0055"
"779","251.305","10","0.039792284","109","112","12208","36.49","./Particles/Particles_01375.png","SRC_0055"
"779","251.305","10","0.039792284","158","149","23542","36.49","./Particles/Particles_01376.png","SRC_0055"
"780","173.529","10","0.057627255","65","71","4615","41.43","./Particles/Particles_01377.png","SRC_0055"
"780","173.529","10","0.057627255","68","75","5100","41.43","./Particles/Particles_01378.png","SRC_0055"
"780","173.529","10","0.057627255","76","85","6460","41.43","./Particles/Particles_01379.png","SRC_0055"
"780","173.529","10","0.057627255","98","88","8624","41.43","./Particles/Particles_01380.png","SRC_0055"
"780","173.529","10","0.057627255","102","86","8772","41.43","./Particles/Particles_01381.png","SRC_0055"
"780","173.529","10","0.057627255","87","102","8874","41.43","./Particles/Particles_01382.png","SRC_0055"
"780","173.529","10","0.057627255","100","91","9100","41.43","./Particles/Particles_01383.png","SRC_0055"
"780","173.529","10","0.057627255","103","96","9888","41.43","./Particles/Particles_01384.png","SRC_0055"
"780","173.529","10","0.057627255","113","119","13447","41.43","./Particles/Particles_01385.png","SRC_0055"
"782","43.907","10","0.227754117","93","80","7440","27.71","./Particles/Particles_01386.png","SRC_0056"
"782","43.907","10","0.227754117","111","109","12099","27.71","./Particles/Particles_01387.png","SRC_0056"
"782","43.907","10","0.227754117","107","135","14445","27.71","./Particles/Particles_01388.png","SRC_0056"
"784","49.498","10","0.202028365","147","110","16170","46.89","./Particles/Particles_01389.png","SRC_0056"
"784","49.498","10","0.202028365","247","160","39520","46.89","./Particles/Particles_01390.png","SRC_0056"
"784","49.498","10","0.202028365","163","261","42543","46.89","./Particles/Particles_01391.png","SRC_0056"
"785","51.613","10","0.193749637","48","66","3168","42.1","./Particles/Particles_01392.png","SRC_0056"
"785","51.613","10","0.193749637","55","58","3190","42.1","./Particles/Particles_01393.png","SRC_0056"
"785","51.613","10","0.193749637","58","72","4176","42.1","./Particles/Particles_01394.png","SRC_0056"
"785","51.613","10","0.193749637","94","78","7332","42.1","./Particles/Particles_01395.png","SRC_0056"
"785","51.613","10","0.193749637","98","107","10486","42.1","./Particles/Particles_01396.png","SRC_0056"
"785","51.613","10","0.193749637","112","118","13216","42.1","./Particles/Particles_01397.png","SRC_0056"
"786","51.555","10","0.193967607","84","100","8400","69.22","./Particles/Particles_01398.png","SRC_0056"
"786","51.555","10","0.193967607","73","121","8833","69.22","./Particles/Particles_01399.png","SRC_0056"
"786","51.555","10","0.193967607","115","92","10580","69.22","./Particles/Particles_01400.png","SRC_0056"
"786","51.555","10","0.193967607","102","111","11322","69.22","./Particles/Particles_01401.png","SRC_0056"
"786","51.555","10","0.193967607","126","92","11592","69.22","./Particles/Particles_01402.png","SRC_0056"
"786","51.555","10","0.193967607","152","162","24624","69.22","./Particles/Particles_01403.png","SRC_0056"
"790","57.773","2","0.034618247","63","68","4284","49.65","./Particles/Particles_01404.png","SRC_0058"
"790","57.773","2","0.034618247","59","74","4366","49.65","./Particles/Particles_01405.png","SRC_0058"
"790","57.773","2","0.034618247","73","61","4453","49.65","./Particles/Particles_01406.png","SRC_0058"
"790","57.773","2","0.034618247","74","68","5032","49.65","./Particles/Particles_01407.png","SRC_0058"
"790","57.773","2","0.034618247","72","83","5976","49.65","./Particles/Particles_01408.png","SRC_0058"
"790","57.773","2","0.034618247","83","76","6308","49.65","./Particles/Particles_01409.png","SRC_0058"
"790","57.773","2","0.034618247","91","91","8281","49.65","./Particles/Particles_01410.png","SRC_0058"
"791","58.573","2","0.034145425","42","43","1806","75.4","./Particles/Particles_01411.png","SRC_0058"
"791","58.573","2","0.034145425","47","40","1880","75.4","./Particles/Particles_01412.png","SRC_0058"
"791","58.573","2","0.034145425","45","46","2070","75.4","./Particles/Particles_01413.png","SRC_0058"
"791","58.573","2","0.034145425","47","48","2256","75.4","./Particles/Particles_01414.png","SRC_0058"
"791","58.573","2","0.034145425","52","46","2392","75.4","./Particles/Particles_01415.png","SRC_0058"
"791","58.573","2","0.034145425","58","49","2842","75.4","./Particles/Particles_01416.png","SRC_0058"
"791","58.573","2","0.034145425","60","53","3180","75.4","./Particles/Particles_01417.png","SRC_0058"
"791","58.573","2","0.034145425","55","62","3410","75.4","./Particles/Particles_01418.png","SRC_0058"
"791","58.573","2","0.034145425","66","61","4026","75.4","./Particles/Particles_01419.png","SRC_0058"
"791","58.573","2","0.034145425","64","64","4096","75.4","./Particles/Particles_01420.png","SRC_0058"
"791","58.573","2","0.034145425","68","70","4760","75.4","./Particles/Particles_01421.png","SRC_0058"
"791","58.573","2","0.034145425","71","72","5112","75.4","./Particles/Particles_01422.png","SRC_0058"
"813","81.165","10","0.123205815","104","82","8528","62.5","./Particles/Particles_01489.png","SRC_0024"
"813","81.165","10","0.123205815","99","92","9108","62.5","./Particles/Particles_01490.png","SRC_0024"
"813","81.165","10","0.123205815","228","236","53808","62.5","./Particles/Particles_01491.png","SRC_0024"
"813","81.165","10","0.123205815","263","254","66802","62.5","./Particles/Particles_01492.png","SRC_0024"
"815","77.714","10","0.128676944","666","583","388278","67.5","./Particles/Particles_01493.png","SRC_0024"
"826","259.897","50","0.192383906","117","117","13689","42.68","./Particles/Particles_01555.png","SRC_0017"
"826","259.897","50","0.192383906","130","147","19110","42.68","./Particles/Particles_01556.png","SRC_0017"
"826","166.586","5","0.030014527","1248","940","1173120","42.68","./Particles/Particles_01557.png","SRC_0017"
"827","287.181","50","0.174106226","129","130","16770","66.11","./Particles/Particles_01558.png","SRC_0017"
"827","287.181","50","0.174106226","184","153","28152","66.11","./Particles/Particles_01559.png","SRC_0017"
"827","287.181","50","0.174106226","167","205","34235","66.11","./Particles/Particles_01560.png","SRC_0017"
"827","207.958","5","0.024043316","1045","901","941545","66.11","./Particles/Particles_01561.png","SRC_0017"
"828","181.837","10","0.054994308","364","389","141596","31.69","./Particles/Particles_01562.png","SRC_0017"
"828","181.837","10","0.054994308","371","419","155449","31.69","./Particles/Particles_01563.png","SRC_0017"
"828","181.837","10","0.054994308","490","445","218050","31.69","./Particles/Particles_01564.png","SRC_0017"
"828","197.818","5","0.025275759","1124","961","1080164","31.69","./Particles/Particles_01565.png","SRC_0017"
"829","358.042","30","0.083789053","187","181","33847","32.38","./Particles/Particles_01566.png","SRC_0017"
"829","358.042","30","0.083789053","201","196","39396","32.38","./Particles/Particles_01567.png","SRC_0017"
"829","358.042","30","0.083789053","305","268","81740","32.38","./Particles/Particles_01568.png","SRC_0017"
"829","195.304","5","0.025601114","730","666","486180","32.38","./Particles/Particles_01569.png","SRC_0017"
"830","227.959","50","0.219337688","157","119","18683","29.84","./Particles/Particles_01570.png","SRC_0017"
"830","227.959","50","0.219337688","174","151","26274","29.84","./Particles/Particles_01571.png","SRC_0017"
"830","227.959","50","0.219337688","197","240","47280","29.84","./Particles/Particles_01572.png","SRC_0017"
"830","274.776","3","0.010917984","704","740","520960","29.84","./Particles/Particles_01573.png","SRC_0017"
"831","347.327","30","0.086373936","145","146","21170","22.84","./Particles/Particles_01574.png","SRC_0017"
"831","347.327","30","0.086373936","151","195","29445","22.84","./Particles/Particles_01575.png","SRC_0017"
"831","347.327","30","0.086373936","186","173","32178","22.84","./Particles/Particles_01576.png","SRC_0017"
"831","259.948","3","0.01154077","977","1013","989701","22.84","./Particles/Particles_01577.png","SRC_0017"
"832","344.431","30","0.087100174","158","109","17222","48.88","./Particles/Particles_01578.png","SRC_0017"
"832","344.431","30","0.087100174","149","182","27118","48.88","./Particles/Particles_01579.png","SRC_0017"
"832","347.885","3","0.008623539","906","749","678594","48.88","./Particles/Particles_01580.png","SRC_0017"
"834","313.803","10","0.031867127","792","714","565488","53.07","./Particles/Particles_01581.png","SRC_0018"
"835","307.754","12","0.038992182","829","836","693044","52.85","./Particles/Particles_01582.png","SRC_0018"
"836","317.834","20","0.06292593","416","355","147680","41.92","./Particles/Particles_01583.png","SRC_0018"
"836","317.834","20","0.06292593","532","447","237804","41.92","./Particles/Particles_01584.png","SRC_0018"
"837","305.879","10","0.032692666","772","728","562016","43.06","./Particles/Particles_01585.png","SRC_0018"
"838","401.371","10","0.024914605","378","441","166698","49.1","./Particles/Particles_01586.png","SRC_0018"
"838","401.371","10","0.024914605","584","610","356240","49.1","./Particles/Particles_01587.png","SRC_0018"
"839","405.632","5","0.012326444","918","1011","928098","77.89","./Particles/Particles_01588.png","SRC_0018"
"840","408.845","6.67","0.016314251","890","1037","922930","51.13","./Particles/Particles_01589.png","SRC_0018"
"841","400.379","3","0.0074929","992","1063","1054496","82.95","./Particles/Particles_01590.png","SRC_0018"
"842","396.848","100","0.251985647","51","60","3060","4","./Particles/Particles_01591.png","SRC_0001"
"842","396.848","100","0.251985647","78","65","5070","4","./Particles/Particles_01592.png","SRC_0001"
"842","396.848","100","0.251985647","148","95","14060","4","./Particles/Particles_01593.png","SRC_0001"
"842","318.148","20","0.062863824","553","307","169771","4","./Particles/Particles_01594.png","SRC_0001"
"842","318.148","20","0.062863824","561","491","275451","4","./Particles/Particles_01595.png","SRC_0001"
"843","395.876","100","0.252604351","71","78","5538","6","./Particles/Particles_01596.png","SRC_0001"
"843","395.876","100","0.252604351","131","137","17947","6","./Particles/Particles_01597.png","SRC_0001"
"843","395.876","100","0.252604351","129","150","19350","6","./Particles/Particles_01598.png","SRC_0001"
"843","319.637","20","0.062570979","710","585","415350","6","./Particles/Particles_01599.png","SRC_0001"
"844","393.584","100","0.254075369","79","72","5688","12","./Particles/Particles_01600.png","SRC_0001"
"844","393.584","100","0.254075369","86","71","6106","12","./Particles/Particles_01601.png","SRC_0001"
"844","393.584","100","0.254075369","126","111","13986","12","./Particles/Particles_01602.png","SRC_0001"
"844","393.584","100","0.254075369","170","170","28900","12","./Particles/Particles_01603.png","SRC_0001"
"844","393.584","100","0.254075369","202","177","35754","12","./Particles/Particles_01604.png","SRC_0001"
"844","318.999","10","0.031348061","777","673","522921","12","./Particles/Particles_01605.png","SRC_0001"
"845","395.348","100","0.252941712","70","63","4410","10","./Particles/Particles_01606.png","SRC_0001"
"845","395.348","100","0.252941712","97","87","8439","10","./Particles/Particles_01607.png","SRC_0001"
"845","395.348","100","0.252941712","104","91","9464","10","./Particles/Particles_01608.png","SRC_0001"
"845","395.348","100","0.252941712","185","164","30340","10","./Particles/Particles_01609.png","SRC_0001"
"845","319.029","10","0.031345113","741","650","481650","10","./Particles/Particles_01610.png","SRC_0001"
"846","400.99","100","0.249382778","108","59","6372","26","./Particles/Particles_01611.png","SRC_0001"
"846","400.99","100","0.249382778","105","78","8190","26","./Particles/Particles_01612.png","SRC_0001"
"846","400.99","100","0.249382778","101","89","8989","26","./Particles/Particles_01613.png","SRC_0001"
"846","400.99","100","0.249382778","119","80","9520","26","./Particles/Particles_01614.png","SRC_0001"
"846","400.99","100","0.249382778","160","119","19040","26","./Particles/Particles_01615.png","SRC_0001"
"846","321.435","20","0.062220978","473","349","165077","26","./Particles/Particles_01616.png","SRC_0001"
"846","321.435","20","0.062220978","502","447","224394","26","./Particles/Particles_01617.png","SRC_0001"
"847","403.56","100","0.247794628","113","112","12656","3","./Particles/Particles_01618.png","SRC_0001"
"847","403.56","100","0.247794628","168","113","18984","3","./Particles/Particles_01619.png","SRC_0001"
"847","403.56","100","0.247794628","129","160","20640","3","./Particles/Particles_01620.png","SRC_0001"
"848","403.562","50","0.1238967","250","251","62750","27","./Particles/Particles_01621.png","SRC_0001"
"848","403.562","50","0.1238967","315","248","78120","27","./Particles/Particles_01622.png","SRC_0001"
"848","403.562","50","0.1238967","401","345","138345","27","./Particles/Particles_01623.png","SRC_0001"
"848","403.562","50","0.1238967","365","415","151475","27","./Particles/Particles_01624.png","SRC_0001"
"848","317.02","10","0.031543751","454","410","186140","27","./Particles/Particles_01625.png","SRC_0001"
"848","317.02","10","0.031543751","679","612","415548","27","./Particles/Particles_01626.png","SRC_0001"
"849","397.818","100","0.25137123","79","51","4029","22","./Particles/Particles_01627.png","SRC_0001"
"849","397.818","100","0.25137123","72","58","4176","22","./Particles/Particles_01628.png","SRC_0001"
"849","397.818","100","0.25137123","67","69","4623","22","./Particles/Particles_01629.png","SRC_0001"
"849","397.818","100","0.25137123","73","73","5329","22","./Particles/Particles_01630.png","SRC_0001"
"849","397.818","100","0.25137123","74","83","6142","22","./Particles/Particles_01631.png","SRC_0001"
"849","313.906","20","0.063713341","188","149","28012","22","./Particles/Particles_01632.png","SRC_0001"
"849","313.906","20","0.063713341","239","142","33938","22","./Particles/Particles_01633.png","SRC_0001"
"849","313.906","20","0.063713341","236","229","54044","22","./Particles/Particles_01634.png","SRC_0001"
"849","313.906","20","0.063713341","327","351","114777","22","./Particles/Particles_01635.png","SRC_0001"
"850","319.211","20","0.062654482","189","197","37233","0","./Particles/Particles_01636.png","SRC_0001"
"850","319.211","20","0.062654482","218","191","41638","0","./Particles/Particles_01637.png","SRC_0001"
"850","319.211","20","0.062654482","224","215","48160","0","./Particles/Particles_01638.png","SRC_0001"
"850","319.211","20","0.062654482","243","213","51759","0","./Particles/Particles_01639.png","SRC_0001"
"850","316.137","5","0.015815928","883","770","679910","0","./Particles/Particles_01640.png","SRC_0001"
"851","319.211","20","0.062654482","85","87","7395","1","./Particles/Particles_01641.png","SRC_0001"
"851","319.211","20","0.062654482","118","103","12154","1","./Particles/Particles_01642.png","SRC_0001"
"851","319.211","20","0.062654482","161","153","24633","1","./Particles/Particles_01643.png","SRC_0001"
"851","397.289","5","0.012585297","734","618","453612","1","./Particles/Particles_01644.png","SRC_0001"
"853","400.295","100","0.249815761","118","125","14750","9","./Particles/Particles_01645.png","SRC_0001"
"853","400.295","100","0.249815761","160","138","22080","9","./Particles/Particles_01646.png","SRC_0001"
"853","400.295","100","0.249815761","179","174","31146","9","./Particles/Particles_01647.png","SRC_0001"
"853","400.295","100","0.249815761","202","176","35552","9","./Particles/Particles_01648.png","SRC_0001"
"853","400.295","100","0.249815761","186","221","41106","9","./Particles/Particles_01649.png","SRC_0001"
"853","314.324","20","0.063628613","799","705","563295","9","./Particles/Particles_01650.png","SRC_0001"
"854","671.185","100","0.148990219","61","60","3660","74","./Particles/Particles_01651.png","SRC_0001"
"854","671.185","100","0.148990219","78","92","7176","74","./Particles/Particles_01652.png","SRC_0001"
"854","671.185","100","0.148990219","84","90","7560","74","./Particles/Particles_01653.png","SRC_0001"
"854","671.185","100","0.148990219","110","106","11660","74","./Particles/Particles_01654.png","SRC_0001"
"854","110.103","1","0.009082405","765","791","605115","74","./Particles/Particles_01655.png","SRC_0001"
"855","675.786","100","0.147975839","117","90","10530","59","./Particles/Particles_01656.png","SRC_0001"
"855","675.786","100","0.147975839","163","134","21842","59","./Particles/Particles_01657.png","SRC_0001"
"855","675.786","100","0.147975839","153","151","23103","59","./Particles/Particles_01658.png","SRC_0001"
"855","112.655","1","0.008876659","708","685","484980","59","./Particles/Particles_01659.png","SRC_0001"
"856","674.549","100","0.148247199","65","77","5005","72","./Particles/Particles_01660.png","SRC_0001"
"856","674.549","100","0.148247199","69","89","6141","72","./Particles/Particles_01661.png","SRC_0001"
"856","674.549","100","0.148247199","86","102","8772","72","./Particles/Particles_01662.png","SRC_0001"
"856","674.549","100","0.148247199","89","109","9701","72","./Particles/Particles_01663.png","SRC_0001"
"856","674.549","100","0.148247199","102","96","9792","72","./Particles/Particles_01664.png","SRC_0001"
"856","674.549","100","0.148247199","126","117","14742","72","./Particles/Particles_01665.png","SRC_0001"
"856","111.341","1","0.008981417","880","852","749760","72","./Particles/Particles_01666.png","SRC_0001"
"857","223.803","100","0.446821535","43","63","2709","49","./Particles/Particles_01667.png","SRC_0001"
"857","223.803","100","0.446821535","63","46","2898","49","./Particles/Particles_01668.png","SRC_0001"
"857","223.803","100","0.446821535","62","55","3410","49","./Particles/Particles_01669.png","SRC_0001"
"857","223.803","100","0.446821535","61","64","3904","49","./Particles/Particles_01670.png","SRC_0001"
"857","668.048","100","0.149689843","108","87","9396","49","./Particles/Particles_01671.png","SRC_0001"
"857","668.048","100","0.149689843","129","82","10578","49","./Particles/Particles_01672.png","SRC_0001"
"858","679.77","100","0.147108581","82","79","6478","67","./Particles/Particles_01673.png","SRC_0001"
"858","679.77","100","0.147108581","80","84","6720","67","./Particles/Particles_01674.png","SRC_0001"
"858","679.77","100","0.147108581","108","89","9612","67","./Particles/Particles_01675.png","SRC_0001"
"858","679.77","100","0.147108581","106","123","13038","67","./Particles/Particles_01676.png","SRC_0001"
"858","679.77","100","0.147108581","126","135","17010","67","./Particles/Particles_01677.png","SRC_0001"
"858","679.77","100","0.147108581","153","135","20655","67","./Particles/Particles_01678.png","SRC_0001"
"858","679.77","100","0.147108581","203","215","43645","67","./Particles/Particles_01679.png","SRC_0001"
"858","114.377","1","0.008743017","649","606","393294","67","./Particles/Particles_01680.png","SRC_0001"
"859","315.554","50","0.158451485","135","125","16875","10.9","./Particles/Particles_01681.png","SRC_0007"
"859","315.554","50","0.158451485","193","182","35126","10.9","./Particles/Particles_01682.png","SRC_0007"
"859","389.172","50","0.128477897","301","238","71638","10.9","./Particles/Particles_01683.png","SRC_0007"
"859","375.046","20","0.053326792","562","492","276504","10.9","./Particles/Particles_01684.png","SRC_0007"
"860","332.31","50","0.150461918","97","86","8342","51.6","./Particles/Particles_01685.png","SRC_0007"
"860","332.31","50","0.150461918","117","153","17901","51.6","./Particles/Particles_01686.png","SRC_0007"
"860","343.019","20","0.058305808","134","146","19564","51.6","./Particles/Particles_01687.png","SRC_0007"
"860","343.019","20","0.058305808","240","208","49920","51.6","./Particles/Particles_01688.png","SRC_0007"
"861","276.059","5","0.01811207","1021","720","735120","11","./Particles/Particles_01689.png","SRC_0007"
"862","289.251","50","0.172860249","457","434","198338","14.48","./Particles/Particles_01690.png","SRC_0007"
"862","259.732","20","0.077002449","1019","702","715338","14.48","./Particles/Particles_01691.png","SRC_0007"
"863","276.176","50","0.181043972","92","115","10580","34","./Particles/Particles_01692.png","SRC_0007"
"863","276.176","50","0.181043972","180","130","23400","34","./Particles/Particles_01693.png","SRC_0007"
"863","276.176","50","0.181043972","145","172","24940","34","./Particles/Particles_01694.png","SRC_0007"
"863","272.211","20","0.073472417","471","489","230319","34","./Particles/Particles_01695.png","SRC_0007"
"864","295.489","20","0.067684415","435","538","234030","14.78","./Particles/Particles_01696.png","SRC_0007"
"865","280.926","5","0.017798281","639","536","342504","10.24","./Particles/Particles_01697.png","SRC_0007"
"865","280.926","5","0.017798281","759","501","380259","10.24","./Particles/Particles_01698.png","SRC_0007"
"866","318.887","50","0.156795354","103","82","8446","33.9","./Particles/Particles_01699.png","SRC_0007"
"866","316.517","20","0.063187759","108","108","11664","33.9","./Particles/Particles_01700.png","SRC_0007"
"866","318.887","50","0.156795354","126","124","15624","33.9","./Particles/Particles_01701.png","SRC_0007"
"866","316.517","20","0.063187759","129","153","19737","33.9","./Particles/Particles_01702.png","SRC_0007"
"866","316.517","20","0.063187759","127","176","22352","33.9","./Particles/Particles_01703.png","SRC_0007"
"866","316.517","20","0.063187759","140","169","23660","33.9","./Particles/Particles_01704.png","SRC_0007"
"866","318.887","50","0.156795354","245","278","68110","33.9","./Particles/Particles_01705.png","SRC_0007"
"867","327.118","50","0.152850042","114","103","11742","13","./Particles/Particles_01706.png","SRC_0007"
"867","324.758","20","0.061584318","175","149","26075","13","./Particles/Particles_01707.png","SRC_0007"
"867","324.758","20","0.061584318","197","190","37430","13","./Particles/Particles_01708.png","SRC_0007"
"867","329.072","5","0.015194243","1153","749","863597","13","./Particles/Particles_01709.png","SRC_0007"
"868","323.252","50","0.154678084","235","201","47235","61","./Particles/Particles_01710.png","SRC_0007"
"868","278.438","20","0.071829276","614","520","319280","61","./Particles/Particles_01711.png","SRC_0007"
"868","301.567","5","0.016580063","744","627","466488","61","./Particles/Particles_01712.png","SRC_0007"
"873","231.299","3.75","0.016212781","152","146","22192","24.8","./Particles/Particles_01713.png","SRC_0015"
"874","274.037","5","0.018245711","123","118","14514","76.7","./Particles/Particles_01714.png","SRC_0015"
"874","274.037","5","0.018245711","130","126","16380","76.7","./Particles/Particles_01715.png","SRC_0015"
"874","274.037","5","0.018245711","167","153","25551","76.7","./Particles/Particles_01716.png","SRC_0015"
"874","274.037","5","0.018245711","166","169","28054","76.7","./Particles/Particles_01717.png","SRC_0015"
"874","274.037","5","0.018245711","167","186","31062","76.7","./Particles/Particles_01718.png","SRC_0015"
"874","234.627","2","0.008524168","214","207","44298","76.7","./Particles/Particles_01719.png","SRC_0015"
"874","234.627","2","0.008524168","227","203","46081","76.7","./Particles/Particles_01720.png","SRC_0015"
"874","234.627","2","0.008524168","223","221","49283","76.7","./Particles/Particles_01721.png","SRC_0015"
"874","234.627","2","0.008524168","352","388","136576","76.7","./Particles/Particles_01722.png","SRC_0015"
"875","302.545","6","0.019831761","388","425","164900","44.12","./Particles/Particles_01723.png","SRC_0002"
"882","374.351","5","0.013356449","446","486","216756","16","./Particles/Particles_01724.png","SRC_0003"
"882","374.351","5","0.013356449","474","511","242214","16","./Particles/Particles_01725.png","SRC_0003"
"883","381.724","20","0.052393876","107","91","9737","27","./Particles/Particles_01726.png","SRC_0003"
"883","379.904","10","0.026322439","142","131","18602","27","./Particles/Particles_01727.png","SRC_0003"
"883","381.724","20","0.052393876","145","136","19720","27","./Particles/Particles_01728.png","SRC_0003"
"883","379.904","10","0.026322439","156","148","23088","27","./Particles/Particles_01729.png","SRC_0003"
"883","381.724","20","0.052393876","190","165","31350","27","./Particles/Particles_01730.png","SRC_0003"
"883","381.724","20","0.052393876","189","183","34587","27","./Particles/Particles_01731.png","SRC_0003"
"883","381.724","20","0.052393876","206","181","37286","27","./Particles/Particles_01732.png","SRC_0003"
"883","379.904","10","0.026322439","208","233","48464","27","./Particles/Particles_01733.png","SRC_0003"
"883","379.904","10","0.026322439","304","311","94544","27","./Particles/Particles_01734.png","SRC_0003"
"883","379.904","10","0.026322439","366","385","140910","27","./Particles/Particles_01735.png","SRC_0003"
"884","365.578","5","0.013676972","169","150","25350","45.8","./Particles/Particles_01736.png","SRC_0004"
"884","365.578","5","0.013676972","156","168","26208","45.8","./Particles/Particles_01737.png","SRC_0004"
"884","365.578","5","0.013676972","228","173","39444","45.8","./Particles/Particles_01738.png","SRC_0004"
"884","365.578","5","0.013676972","227","180","40860","45.8","./Particles/Particles_01739.png","SRC_0004"
"885","366.619","5","0.013638137","176","172","30272","32.2","./Particles/Particles_01740.png","SRC_0004"
"885","366.619","5","0.013638137","179","181","32399","32.2","./Particles/Particles_01741.png","SRC_0004"
"885","366.619","5","0.013638137","248","218","54064","32.2","./Particles/Particles_01742.png","SRC_0004"
"885","366.619","5","0.013638137","338","306","103428","32.2","./Particles/Particles_01743.png","SRC_0004"
"886","361.195","5","0.013842938","110","103","11330","51.8","./Particles/Particles_01744.png","SRC_0004"
"886","361.195","5","0.013842938","187","160","29920","51.8","./Particles/Particles_01745.png","SRC_0004"
"887","365.046","2","0.005478762","203","201","40803","40.9","./Particles/Particles_01746.png","SRC_0004"
"887","365.046","2","0.005478762","260","263","68380","40.9","./Particles/Particles_01747.png","SRC_0004"
"887","365.046","2","0.005478762","874","832","727168","40.9","./Particles/Particles_01748.png","SRC_0004"
"888","366.927","5","0.013626689","253","241","60973","48.4","./Particles/Particles_01749.png","SRC_0004"
"888","366.927","5","0.013626689","292","280","81760","48.4","./Particles/Particles_01750.png","SRC_0004"
"889","361.069","10","0.027695537","117","115","13455","50.6","./Particles/Particles_01751.png","SRC_0004"
"889","361.069","10","0.027695537","128","117","14976","50.6","./Particles/Particles_01752.png","SRC_0004"
"889","361.069","10","0.027695537","143","148","21164","50.6","./Particles/Particles_01753.png","SRC_0004"
"889","361.069","10","0.027695537","167","164","27388","50.6","./Particles/Particles_01754.png","SRC_0004"
"890","378.175","5","0.013221392","151","145","21895","41.9","./Particles/Particles_01755.png","SRC_0004"
"890","378.175","5","0.013221392","190","170","32300","41.9","./Particles/Particles_01756.png","SRC_0004"
"890","378.175","5","0.013221392","193","173","33389","41.9","./Particles/Particles_01757.png","SRC_0004"
"890","378.175","5","0.013221392","240","169","40560","41.9","./Particles/Particles_01758.png","SRC_0004"
"890","378.175","5","0.013221392","229","197","45113","41.9","./Particles/Particles_01759.png","SRC_0004"
"890","378.175","5","0.013221392","255","243","61965","41.9","./Particles/Particles_01760.png","SRC_0004"
"891","368.012","15","0.04075954","240","221","53040","50.9","./Particles/Particles_01761.png","SRC_0004"
"891","368.012","15","0.04075954","285","277","78945","50.9","./Particles/Particles_01762.png","SRC_0004"
"892","384.097","5","0.013017545","208","202","42016","57.9","./Particles/Particles_01763.png","SRC_0004"
"892","384.097","5","0.013017545","280","223","62440","57.9","./Particles/Particles_01764.png","SRC_0004"
"892","384.097","5","0.013017545","396","397","157212","57.9","./Particles/Particles_01765.png","SRC_0004"
"893","379.389","5","0.013179085","267","199","53133","47.4","./Particles/Particles_01766.png","SRC_0004"
"893","379.389","5","0.013179085","324","313","101412","47.4","./Particles/Particles_01767.png","SRC_0004"
"893","379.389","5","0.013179085","362","307","111134","47.4","./Particles/Particles_01768.png","SRC_0004"
"894","386.958","3","0.007752779","499","492","245508","52.5","./Particles/Particles_01769.png","SRC_0004"
"894","386.958","3","0.007752779","547","483","264201","52.5","./Particles/Particles_01770.png","SRC_0004"
"896","318.596","54","0.169493653","169","179","30251","48.26","./Particles/Particles_01771.png","SRC_0004"
"896","318.596","54","0.169493653","283","267","75561","48.26","./Particles/Particles_01772.png","SRC_0004"
"897","318.364","5","0.015705293","132","128","16896","58.12","./Particles/Particles_01773.png","SRC_0004"
"897","318.364","5","0.015705293","136","126","17136","58.12","./Particles/Particles_01774.png","SRC_0004"
"897","318.364","5","0.015705293","180","159","28620","58.12","./Particles/Particles_01775.png","SRC_0004"
"898","323.443","3","0.009275205","207","190","39330","50.43","./Particles/Particles_01776.png","SRC_0004"
"898","323.443","3","0.009275205","190","212","40280","50.43","./Particles/Particles_01777.png","SRC_0004"
"898","323.443","3","0.009275205","196","212","41552","50.43","./Particles/Particles_01778.png","SRC_0004"
"898","323.443","3","0.009275205","240","237","56880","50.43","./Particles/Particles_01779.png","SRC_0004"
"898","323.443","3","0.009275205","272","255","69360","50.43","./Particles/Particles_01780.png","SRC_0004"
"898","323.443","3","0.009275205","302","326","98452","50.43","./Particles/Particles_01781.png","SRC_0004"
"899","319.228","5","0.015662786","144","151","21744","56.2","./Particles/Particles_01782.png","SRC_0004"
"899","319.228","5","0.015662786","161","139","22379","56.2","./Particles/Particles_01783.png","SRC_0004"
"899","319.228","5","0.015662786","161","148","23828","56.2","./Particles/Particles_01784.png","SRC_0004"
"899","319.228","5","0.015662786","153","156","23868","56.2","./Particles/Particles_01785.png","SRC_0004"
"899","319.228","5","0.015662786","182","163","29666","56.2","./Particles/Particles_01786.png","SRC_0004"
"899","319.228","5","0.015662786","200","201","40200","56.2","./Particles/Particles_01787.png","SRC_0004"
"900","322.275","20","0.062058801","122","93","11346","53.67","./Particles/Particles_01788.png","SRC_0004"
"900","322.275","20","0.062058801","159","154","24486","53.67","./Particles/Particles_01789.png","SRC_0004"
"900","322.275","20","0.062058801","184","180","33120","53.67","./Particles/Particles_01790.png","SRC_0004"
"901","309.305","5","0.016165274","230","209","48070","68.2","./Particles/Particles_01791.png","SRC_0004"
"901","309.305","5","0.016165274","659","616","405944","68.2","./Particles/Particles_01792.png","SRC_0004"
"902","313.918","3","0.009556636","169","172","29068","23.32","./Particles/Particles_01793.png","SRC_0005"
"902","313.918","3","0.009556636","265","193","51145","23.32","./Particles/Particles_01794.png","SRC_0005"
"903","319.823","5","0.015633647","105","91","9555","90.62","./Particles/Particles_01795.png","SRC_0005"
"903","319.823","5","0.015633647","120","117","14040","90.62","./Particles/Particles_01796.png","SRC_0005"
"903","319.823","5","0.015633647","143","127","18161","90.62","./Particles/Particles_01797.png","SRC_0005"
"903","319.823","5","0.015633647","156","121","18876","90.62","./Particles/Particles_01798.png","SRC_0005"
"903","319.823","5","0.015633647","169","149","25181","90.62","./Particles/Particles_01799.png","SRC_0005"
"904","313.044","5","0.015972196","164","146","23944","93.21","./Particles/Particles_01800.png","SRC_0005"
"904","313.044","5","0.015972196","167","144","24048","93.21","./Particles/Particles_01801.png","SRC_0005"
"904","313.044","5","0.015972196","223","215","47945","93.21","./Particles/Particles_01802.png","SRC_0005"
"905","325.007","5","0.015384284","180","265","47700","95.81","./Particles/Particles_01803.png","SRC_0005"
"905","325.007","5","0.015384284","220","232","51040","95.81","./Particles/Particles_01804.png","SRC_0005"
"906","312.685","5","0.015990534","139","122","16958","53.12","./Particles/Particles_01805.png","SRC_0005"
"906","312.685","5","0.015990534","195","184","35880","53.12","./Particles/Particles_01806.png","SRC_0005"
"906","312.685","5","0.015990534","222","196","43512","53.12","./Particles/Particles_01807.png","SRC_0005"
"907","366.023","2","0.005464137","384","315","120960","68.75","./Particles/Particles_01808.png","SRC_0005"
"907","366.023","2","0.005464137","434","405","175770","68.75","./Particles/Particles_01809.png","SRC_0005"
"908","358.786","10","0.027871768","276","216","59616","23.53","./Particles/Particles_01810.png","SRC_0006"
"908","358.786","10","0.027871768","301","288","86688","23.53","./Particles/Particles_01811.png","SRC_0006"
"908","360.308","5","0.013877016","509","421","214289","23.53","./Particles/Particles_01812.png","SRC_0006"
"909","384.477","10","0.026009358","142","160","22720","54.37","./Particles/Particles_01813.png","SRC_0006"
"909","384.477","10","0.026009358","187","188","35156","54.37","./Particles/Particles_01814.png","SRC_0006"
"909","382.189","5","0.013082532","189","196","37044","54.37","./Particles/Particles_01815.png","SRC_0006"
"909","384.477","10","0.026009358","226","244","55144","54.37","./Particles/Particles_01816.png","SRC_0006"
"909","382.189","5","0.013082532","271","281","76151","54.37","./Particles/Particles_01817.png","SRC_0006"
"909","384.477","10","0.026009358","417","406","169302","54.37","./Particles/Particles_01818.png","SRC_0006"
"909","382.189","5","0.013082532","588","577","339276","54.37","./Particles/Particles_01819.png","SRC_0006"
"919","227.832","20","0.087783981","133","131","17423","33","./Particles/Particles_01853.png","SRC_0009"
"919","227.832","20","0.087783981","140","162","22680","33","./Particles/Particles_01854.png","SRC_0009"
"919","227.832","20","0.087783981","205","240","49200","33","./Particles/Particles_01855.png","SRC_0009"
"919","227.832","20","0.087783981","259","288","74592","33","./Particles/Particles_01856.png","SRC_0009"
"919","216.187","2","0.00925125","1010","972","981720","33","./Particles/Particles_01857.png","SRC_0009"
"920","221.236","20","0.090401201","121","147","17787","39","./Particles/Particles_01858.png","SRC_0009"
"920","221.236","20","0.090401201","162","110","17820","39","./Particles/Particles_01859.png","SRC_0009"
"920","221.236","20","0.090401201","165","158","26070","39","./Particles/Particles_01860.png","SRC_0009"
"920","221.236","20","0.090401201","166","170","28220","39","./Particles/Particles_01861.png","SRC_0009"
"920","261.937","2","0.007635424","856","772","660832","39","./Particles/Particles_01862.png","SRC_0009"
"921","350.718","50","0.142564682","85","85","7225","58","./Particles/Particles_01863.png","SRC_0009"
"921","350.718","50","0.142564682","122","100","12200","58","./Particles/Particles_01864.png","SRC_0009"
"921","350.718","50","0.142564682","139","105","14595","58","./Particles/Particles_01865.png","SRC_0009"
"921","262.151","2","0.007629191","1176","917","1078392","58","./Particles/Particles_01866.png","SRC_0009"
"922","383.169","20","0.052196289","145","115","16675","62","./Particles/Particles_01867.png","SRC_0009"
"922","383.169","20","0.052196289","211","119","25109","62","./Particles/Particles_01868.png","SRC_0009"
"922","383.169","20","0.052196289","292","194","56648","62","./Particles/Particles_01869.png","SRC_0009"
"922","383.169","20","0.052196289","244","246","60024","62","./Particles/Particles_01870.png","SRC_0009"
"922","191.107","2","0.010465341","1221","1049","1280829","62","./Particles/Particles_01871.png","SRC_0009"
"923","232.502","20","0.086020765","109","86","9374","65","./Particles/Particles_01872.png","SRC_0009"
"923","232.502","20","0.086020765","107","92","9844","65","./Particles/Particles_01873.png","SRC_0009"
"923","232.502","20","0.086020765","150","130","19500","65","./Particles/Particles_01874.png","SRC_0009"
"923","232.502","20","0.086020765","201","173","34773","65","./Particles/Particles_01875.png","SRC_0009"
"923","232.502","20","0.086020765","280","206","57680","65","./Particles/Particles_01876.png","SRC_0009"
"923","238.384","2","0.008389825","901","787","709087","65","./Particles/Particles_01877.png","SRC_0009"
"924","202.188","5","0.02472946","154","142","21868","48","./Particles/Particles_01878.png","SRC_0010"
"924","202.188","5","0.02472946","152","144","21888","48","./Particles/Particles_01879.png","SRC_0010"
"924","202.188","5","0.02472946","167","139","23213","48","./Particles/Particles_01880.png","SRC_0010"
"924","202.188","5","0.02472946","219","245","53655","48","./Particles/Particles_01881.png","SRC_0010"
"924","202.188","5","0.02472946","286","254","72644","48","./Particles/Particles_01882.png","SRC_0010"
"924","202.188","5","0.02472946","288","273","78624","48","./Particles/Particles_01883.png","SRC_0010"
"924","320.736","2","0.006235658","860","754","648440","48","./Particles/Particles_01884.png","SRC_0010"
"925","236.981","20","0.084394951","154","158","24332","24","./Particles/Particles_01885.png","SRC_0010"
"925","236.981","20","0.084394951","169","190","32110","24","./Particles/Particles_01886.png","SRC_0010"
"925","236.981","20","0.084394951","212","200","42400","24","./Particles/Particles_01887.png","SRC_0010"
"925","320.522","5","0.015599553","1055","760","801800","24","./Particles/Particles_01888.png","SRC_0010"
"926","325.094","20","0.061520668","161","130","20930","49","./Particles/Particles_01889.png","SRC_0010"
"926","325.094","20","0.061520668","192","148","28416","49","./Particles/Particles_01890.png","SRC_0010"
"926","325.094","20","0.061520668","278","233","64774","49","./Particles/Particles_01891.png","SRC_0010"
"926","325.094","20","0.061520668","282","279","78678","49","./Particles/Particles_01892.png","SRC_0010"
"926","354.106","2","0.005648026","718","617","443006","49","./Particles/Particles_01893.png","SRC_0010"
"927","322.262","20","0.062061304","151","138","20838","57","./Particles/Particles_01894.png","SRC_0010"
"927","322.262","20","0.062061304","182","172","31304","57","./Particles/Particles_01895.png","SRC_0010"
"927","322.262","20","0.062061304","186","174","32364","57","./Particles/Particles_01896.png","SRC_0010"
"927","322.262","20","0.062061304","242","206","49852","57","./Particles/Particles_01897.png","SRC_0010"
"927","191.334","2","0.010452925","1028","880","904640","57","./Particles/Particles_01898.png","SRC_0010"
"928","321.039","5","0.015574432","150","131","19650","53","./Particles/Particles_01899.png","SRC_0010"
"928","321.039","5","0.015574432","167","175","29225","53","./Particles/Particles_01900.png","SRC_0010"
"928","321.039","5","0.015574432","219","207","45333","53","./Particles/Particles_01901.png","SRC_0010"
"928","321.039","5","0.015574432","329","317","104293","53","./Particles/Particles_01902.png","SRC_0010"
"928","240.816","2","0.008305096","1022","962","983164","53","./Particles/Particles_01903.png","SRC_0010"
"929","188.034","5","0.026590936","158","143","22594","63","./Particles/Particles_01904.png","SRC_0011"
"929","188.034","5","0.026590936","218","197","42946","63","./Particles/Particles_01905.png","SRC_0011"
"929","188.034","5","0.026590936","244","213","51972","63","./Particles/Particles_01906.png","SRC_0011"
"929","188.034","5","0.026590936","258","244","62952","63","./Particles/Particles_01907.png","SRC_0011"
"929","188.034","5","0.026590936","264","263","69432","63","./Particles/Particles_01908.png","SRC_0011"
"929","188.034","5","0.026590936","320","292","93440","63","./Particles/Particles_01909.png","SRC_0011"
"929","190.112","1","0.005260057","648","640","414720","63","./Particles/Particles_01910.png","SRC_0011"
"930","296.188","5","0.01688117","106","111","11766","65","./Particles/Particles_01911.png","SRC_0011"
"930","296.188","5","0.01688117","146","141","20586","65","./Particles/Particles_01912.png","SRC_0011"
"930","296.188","5","0.01688117","145","143","20735","65","./Particles/Particles_01913.png","SRC_0011"
"930","296.188","5","0.01688117","155","146","22630","65","./Particles/Particles_01914.png","SRC_0011"
"930","296.188","5","0.01688117","212","197","41764","65","./Particles/Particles_01915.png","SRC_0011"
"930","187.868","1","0.005322886","889","857","761873","65","./Particles/Particles_01916.png","SRC_0011"
"931","182.793","5","0.027353345","276","139","38364","26","./Particles/Particles_01917.png","SRC_0011"
"931","182.793","5","0.027353345","223","229","51067","26","./Particles/Particles_01918.png","SRC_0011"
"932","190.348","5","0.026267678","222","211","46842","33","./Particles/Particles_01919.png","SRC_0011"
"932","190.348","5","0.026267678","236","213","50268","33","./Particles/Particles_01920.png","SRC_0011"
"932","190.348","5","0.026267678","254","268","68072","33","./Particles/Particles_01921.png","SRC_0011"
"932","147.616","2","0.013548667","231","301","69531","33","./Particles/Particles_01922.png","SRC_0011"
"932","147.616","2","0.013548667","464","602","279328","33","./Particles/Particles_01923.png","SRC_0011"
"933","192.196","5","0.02601511","101","94","9494","59","./Particles/Particles_01924.png","SRC_0011"
"933","192.196","5","0.02601511","104","105","10920","59","./Particles/Particles_01925.png","SRC_0011"
"933","192.196","5","0.02601511","126","113","14238","59","./Particles/Particles_01926.png","SRC_0011"
"933","192.196","5","0.02601511","146","137","20002","59","./Particles/Particles_01927.png","SRC_0011"
"933","264.917","1","0.003774767","594","603","358182","59","./Particles/Particles_01928.png","SRC_0011"
"934","185.176","5","0.027001339","143","137","19591","62","./Particles/Particles_01929.png","SRC_0011"
"934","185.176","5","0.027001339","159","146","23214","62","./Particles/Particles_01930.png","SRC_0011"
"934","185.176","5","0.027001339","153","153","23409","62","./Particles/Particles_01931.png","SRC_0011"
"934","185.176","5","0.027001339","160","154","24640","62","./Particles/Particles_01932.png","SRC_0011"
"934","185.176","5","0.027001339","163","171","27873","62","./Particles/Particles_01933.png","SRC_0011"
"934","183.994","1","0.00543496","676","689","465764","62","./Particles/Particles_01934.png","SRC_0011"
"935","178.367","5","0.028032091","122","115","14030","56","./Particles/Particles_01935.png","SRC_0011"
"935","178.367","5","0.028032091","124","126","15624","56","./Particles/Particles_01936.png","SRC_0011"
"935","178.367","5","0.028032091","273","273","74529","56","./Particles/Particles_01937.png","SRC_0011"
"935","251.795","1","0.003971485","381","339","129159","56","./Particles/Particles_01938.png","SRC_0011"
"935","251.795","1","0.003971485","372","416","154752","56","./Particles/Particles_01939.png","SRC_0011"
"935","251.795","1","0.003971485","504","503","253512","56","./Particles/Particles_01940.png","SRC_0011"
"936","182.58","5","0.027385256","156","140","21840","79","./Particles/Particles_01941.png","SRC_0011"
"936","182.58","5","0.027385256","163","141","22983","79","./Particles/Particles_01942.png","SRC_0011"
"936","182.58","5","0.027385256","149","160","23840","79","./Particles/Particles_01943.png","SRC_0011"
"936","182.58","5","0.027385256","234","234","54756","79","./Particles/Particles_01944.png","SRC_0011"
"936","182.888","1","0.005467827","672","678","455616","79","./Particles/Particles_01945.png","SRC_0011"
"937","290.007","20","0.068963853","130","130","16900","95.45","./Particles/Particles_01946.png","SRC_0012"
"937","290.007","20","0.068963853","140","128","17920","95.45","./Particles/Particles_01947.png","SRC_0012"
"937","290.007","20","0.068963853","171","162","27702","95.45","./Particles/Particles_01948.png","SRC_0012"
"937","290.007","20","0.068963853","187","183","34221","95.45","./Particles/Particles_01949.png","SRC_0012"
"937","290.007","20","0.068963853","202","182","36764","95.45","./Particles/Particles_01950.png","SRC_0012"
"937","290.007","20","0.068963853","285","264","75240","95.45","./Particles/Particles_01951.png","SRC_0012"
"937","171.59","2","0.011655691","898","924","829752","95.45","./Particles/Particles_01952.png","SRC_0012"
"938","218.925","10","0.045677744","140","158","22120","85.48","./Particles/Particles_01953.png","SRC_0012"
"938","218.925","10","0.045677744","199","199","39601","85.48","./Particles/Particles_01954.png","SRC_0012"
"938","218.925","10","0.045677744","235","211","49585","85.48","./Particles/Particles_01955.png","SRC_0012"
"938","218.845","2","0.009138888","896","914","818944","85.48","./Particles/Particles_01956.png","SRC_0012"
"939","286.504","20","0.069807053","155","147","22785","72.39","./Particles/Particles_01957.png","SRC_0012"
"939","286.504","20","0.069807053","172","156","26832","72.39","./Particles/Particles_01958.png","SRC_0012"
"939","286.504","20","0.069807053","160","172","27520","72.39","./Particles/Particles_01959.png","SRC_0012"
"939","286.504","20","0.069807053","239","237","56643","72.39","./Particles/Particles_01960.png","SRC_0012"
"939","286.504","20","0.069807053","263","265","69695","72.39","./Particles/Particles_01961.png","SRC_0012"
"939","144.374","2","0.01385291","994","967","961198","72.39","./Particles/Particles_01962.png","SRC_0012"
"940","288.056","20","0.069430944","110","104","11440","80.7","./Particles/Particles_01963.png","SRC_0012"
"940","288.056","20","0.069430944","176","164","28864","80.7","./Particles/Particles_01964.png","SRC_0012"
"940","288.056","20","0.069430944","178","191","33998","80.7","./Particles/Particles_01965.png","SRC_0012"
"940","288.056","20","0.069430944","205","186","38130","80.7","./Particles/Particles_01966.png","SRC_0012"
"940","288.056","20","0.069430944","332","345","114540","80.7","./Particles/Particles_01967.png","SRC_0012"
"940","214.133","2","0.00933999","852","811","690972","80.7","./Particles/Particles_01968.png","SRC_0012"
"941","179.298","10","0.055773071","242","238","57596","80.24","./Particles/Particles_01969.png","SRC_0012"
"941","179.298","10","0.055773071","269","263","70747","80.24","./Particles/Particles_01970.png","SRC_0012"
"941","179.298","10","0.055773071","321","313","100473","80.24","./Particles/Particles_01971.png","SRC_0012"
"941","171.288","2","0.011676241","941","919","864779","80.24","./Particles/Particles_01972.png","SRC_0012"
"942","215.544","5","0.02319712","222","234","51948","76","./Particles/Particles_01973.png","SRC_0012"
"942","215.544","5","0.02319712","278","285","79230","76","./Particles/Particles_01974.png","SRC_0012"
"942","215.544","5","0.02319712","403","411","165633","76","./Particles/Particles_01975.png","SRC_0012"
"942","289.502","5","0.017271038","943","944","890192","76","./Particles/Particles_01976.png","SRC_0012"
"943","214.03","20","0.093444844","118","120","14160","73.5","./Particles/Particles_01977.png","SRC_0012"
"943","214.03","20","0.093444844","164","159","26076","73.5","./Particles/Particles_01978.png","SRC_0012"
"943","214.03","20","0.093444844","202","213","43026","73.5","./Particles/Particles_01979.png","SRC_0012"
"943","214.03","20","0.093444844","211","225","47475","73.5","./Particles/Particles_01980.png","SRC_0012"
"943","217.719","1","0.004593076","950","943","895850","73.5","./Particles/Particles_01981.png","SRC_0012"
"944","211.283","20","0.094659769","140","128","17920","53.37","./Particles/Particles_01982.png","SRC_0012"
"944","211.283","20","0.094659769","164","145","23780","53.37","./Particles/Particles_01983.png","SRC_0012"
"944","211.283","20","0.094659769","191","192","36672","53.37","./Particles/Particles_01984.png","SRC_0012"
"944","211.283","20","0.094659769","203","186","37758","53.37","./Particles/Particles_01985.png","SRC_0012"
"944","211.283","20","0.094659769","215","220","47300","53.37","./Particles/Particles_01986.png","SRC_0012"
"944","286.856","5","0.017430348","1008","1024","1032192","53.37","./Particles/Particles_01987.png","SRC_0012"
"945","290.922","20","0.068746949","120","107","12840","72.58","./Particles/Particles_01988.png","SRC_0012"
"945","290.922","20","0.068746949","157","144","22608","72.58","./Particles/Particles_01989.png","SRC_0012"
"945","290.922","20","0.068746949","153","148","22644","72.58","./Particles/Particles_01990.png","SRC_0012"
"945","290.922","20","0.068746949","262","241","63142","72.58","./Particles/Particles_01991.png","SRC_0012"
"945","290.922","20","0.068746949","302","293","88486","72.58","./Particles/Particles_01992.png","SRC_0012"
"945","290.922","20","0.068746949","322","328","105616","72.58","./Particles/Particles_01993.png","SRC_0012"
"945","285.106","2","0.007014935","844","815","687860","72.58","./Particles/Particles_01994.png","SRC_0012"
"947","293.401","10","0.034083047","205","224","45920","49.3","./Particles/Particles_01995.png","SRC_0013"
"947","293.401","10","0.034083047","244","256","62464","49.3","./Particles/Particles_01996.png","SRC_0013"
"948","315.096","10","0.03173636","151","158","23858","43.2","./Particles/Particles_01997.png","SRC_0013"
"948","315.096","10","0.03173636","166","184","30544","43.2","./Particles/Particles_01998.png","SRC_0013"
"948","315.096","10","0.03173636","332","339","112548","43.2","./Particles/Particles_01999.png","SRC_0013"
"951","303.453","15","0.049431049","146","140","20440","69.3","./Particles/Particles_02000.png","SRC_0013"
"951","303.453","15","0.049431049","214","209","44726","69.3","./Particles/Particles_02001.png","SRC_0013"
"953","306.514","10","0.032624937","412","350","144200","57.5","./Particles/Particles_02002.png","SRC_0013"
"953","306.514","10","0.032624937","416","386","160576","57.5","./Particles/Particles_02003.png","SRC_0013"
"954","317.973","5","0.015724606","617","652","402284","53.4","./Particles/Particles_02004.png","SRC_0013"
"955","317.284","7.5","0.023638129","939","847","795333","46.8","./Particles/Particles_02005.png","SRC_0013"
"956","325.578","15","0.046071909","239","245","58555","40.9","./Particles/Particles_02006.png","SRC_0013"
"957","317.744","2.31","0.007270004","307","268","82276","82.6","./Particles/Particles_02007.png","SRC_0013"
"958","328.158","5","0.015236563","349","288","100512","70.5","./Particles/Particles_02008.png","SRC_0013"
"958","328.158","5","0.015236563","423","368","155664","70.5","./Particles/Particles_02009.png","SRC_0013"
"960","308.656","4.29","0.013898968","338","322","108836","78.9","./Particles/Particles_02010.png","SRC_0013"
"961","310.722","7.5","0.024137332","187","196","36652","91.8","./Particles/Particles_02011.png","SRC_0013"
"961","310.722","7.5","0.024137332","227","212","48124","91.8","./Particles/Particles_02012.png","SRC_0013"
"962","310.268","20","0.064460402","428","304","130112","55","./Particles/Particles_02013.png","SRC_0013"
"963","308.075","6","0.019475777","328","328","107584","47.6","./Particles/Particles_02014.png","SRC_0013"
"963","308.075","6","0.019475777","347","331","114857","47.6","./Particles/Particles_02015.png","SRC_0013"
"963","308.075","6","0.019475777","365","337","123005","47.6","./Particles/Particles_02016.png","SRC_0013"
"964","151.535","10","0.065991355","136","126","17136","52.73","./Particles/Particles_02017.png","SRC_0014"
"964","151.535","10","0.065991355","234","245","57330","52.73","./Particles/Particles_02018.png","SRC_0014"
"964","231.527","5","0.021595753","225","263","59175","52.73","./Particles/Particles_02019.png","SRC_0014"
"964","231.527","5","0.021595753","268","288","77184","52.73","./Particles/Particles_02020.png","SRC_0014"
"964","231.527","5","0.021595753","345","255","87975","52.73","./Particles/Particles_02021.png","SRC_0014"
"965","256.865","5","0.019465478","123","118","14514","47.43","./Particles/Particles_02022.png","SRC_0014"
"965","148.818","10","0.067196173","115","135","15525","47.43","./Particles/Particles_02023.png","SRC_0014"
"965","148.818","10","0.067196173","166","125","20750","47.43","./Particles/Particles_02024.png","SRC_0014"
"965","256.865","5","0.019465478","205","175","35875","47.43","./Particles/Particles_02025.png","SRC_0014"
"965","148.818","10","0.067196173","201","190","38190","47.43","./Particles/Particles_02026.png","SRC_0014"
"965","256.865","5","0.019465478","420","311","130620","47.43","./Particles/Particles_02027.png","SRC_0014"
"966","152.672","10","0.065499895","263","188","49444","41.28","./Particles/Particles_02028.png","SRC_0014"
"966","152.672","10","0.065499895","244","283","69052","41.28","./Particles/Particles_02029.png","SRC_0014"
"967","155.566","10","0.064281398","125","112","14000","32.27","./Particles/Particles_02030.png","SRC_0014"
"967","155.566","10","0.064281398","161","163","26243","32.27","./Particles/Particles_02031.png","SRC_0014"
"967","155.566","10","0.064281398","183","269","49227","32.27","./Particles/Particles_02032.png","SRC_0014"
"967","203.013","5","0.024628965","370","368","136160","32.27","./Particles/Particles_02033.png","SRC_0014"
"968","152.985","10","0.065365886","408","405","165240","4.98","./Particles/Particles_02034.png","SRC_0014"
"968","152.985","10","0.065365886","519","497","257943","4.98","./Particles/Particles_02035.png","SRC_0014"
"969","171.645","10","0.05825978","48","50","2400","0.66","./Particles/Particles_02036.png","SRC_0016"
"969","171.645","10","0.05825978","50","53","2650","0.66","./Particles/Particles_02037.png","SRC_0016"
"969","205.892","3","0.014570746","169","155","26195","0.66","./Particles/Particles_02038.png","SRC_0016"
"969","205.892","3","0.014570746","185","150","27750","0.66","./Particles/Particles_02039.png","SRC_0016"
"969","205.892","3","0.014570746","187","176","32912","0.66","./Particles/Particles_02040.png","SRC_0016"
"969","205.892","3","0.014570746","197","173","34081","0.66","./Particles/Particles_02041.png","SRC_0016"
"970","223.258","3","0.013437368","165","157","25905","6.53","./Particles/Particles_02042.png","SRC_0016"
"970","223.258","3","0.013437368","191","194","37054","6.53","./Particles/Particles_02043.png","SRC_0016"
"970","223.258","3","0.013437368","211","182","38402","6.53","./Particles/Particles_02044.png","SRC_0016"
"970","173.423","0.5","0.002883124","744","674","501456","6.53","./Particles/Particles_02045.png","SRC_0016"
"971","257.804","3","0.011636747","148","133","19684","11.6","./Particles/Particles_02046.png","SRC_0016"
"971","257.804","3","0.011636747","158","141","22278","11.6","./Particles/Particles_02047.png","SRC_0016"
"971","257.804","3","0.011636747","162","164","26568","11.6","./Particles/Particles_02048.png","SRC_0016"
"971","192.873","1","0.005184759","250","226","56500","11.6","./Particles/Particles_02049.png","SRC_0016"
"972","225.662","3","0.013294219","188","171","32148","12.57","./Particles/Particles_02050.png","SRC_0016"
"972","225.662","3","0.013294219","184","177","32568","12.57","./Particles/Particles_02051.png","SRC_0016"
"972","225.662","3","0.013294219","187","179","33473","12.57","./Particles/Particles_02052.png","SRC_0016"
"972","225.662","3","0.013294219","222","181","40182","12.57","./Particles/Particles_02053.png","SRC_0016"
"972","225.662","3","0.013294219","204","211","43044","12.57","./Particles/Particles_02054.png","SRC_0016"
"972","225.662","3","0.013294219","214","225","48150","12.57","./Particles/Particles_02055.png","SRC_0016"
"972","165.673","0.5","0.003017993","655","674","441470","12.57","./Particles/Particles_02056.png","SRC_0016"
"973","202.104","3","0.014843843","148","155","22940","51.09","./Particles/Particles_02057.png","SRC_0016"
"973","202.104","3","0.014843843","172","165","28380","51.09","./Particles/Particles_02058.png","SRC_0016"
"973","202.104","3","0.014843843","185","162","29970","51.09","./Particles/Particles_02059.png","SRC_0016"
"973","202.104","3","0.014843843","220","196","43120","51.09","./Particles/Particles_02060.png","SRC_0016"
"973","202.104","3","0.014843843","236","220","51920","51.09","./Particles/Particles_02061.png","SRC_0016"
"973","202.104","3","0.014843843","290","380","110200","51.09","./Particles/Particles_02062.png","SRC_0016"
"973","142.498","1","0.007017642","524","571","299204","51.09","./Particles/Particles_02063.png","SRC_0016"
"974","290.93","5","0.017186265","182","170","30940","34.64","./Particles/Particles_02064.png","SRC_0016"
"974","290.93","5","0.017186265","189","183","34587","34.64","./Particles/Particles_02065.png","SRC_0016"
"974","290.93","5","0.017186265","187","188","35156","34.64","./Particles/Particles_02066.png","SRC_0016"
"974","290.93","5","0.017186265","209","215","44935","34.64","./Particles/Particles_02067.png","SRC_0016"
"974","290.93","5","0.017186265","247","235","58045","34.64","./Particles/Particles_02068.png","SRC_0016"
"974","144.263","1","0.006931784","527","462","243474","34.64","./Particles/Particles_02069.png","SRC_0016"
